timestamp,farm_id,crop_type,soil_moisture,temperature,humidity,rainfall,soil_ph,soil_temperature
2026-01-01 00:00:00,FARM001,Rice,57.64,20.09,73.61,0.0,6.23,20.01
2026-01-01 01:00:00,FARM002,Tomato,45.35,18.49,77.78,0.0,6.54,19.22
2026-01-01 02:00:00,FARM003,Maize,50.35,16.58,76.93,0.0,6.88,16.86
2026-01-01 03:00:00,FARM004,Cotton,49.31,18.22,77.39,0.0,6.99,17.73
2026-01-01 04:00:00,FARM005,Wheat,59.58,19.47,82.07,0.0,6.43,19.44
2026-01-01 05:00:00,FARM001,Rice,57.49,18.26,77.93,0.0,6.18,18.26
2026-01-01 06:00:00,FARM002,Tomato,45.2,18.44,77.74,0.0,6.5,19.6
2026-01-01 07:00:00,FARM003,Maize,50.2,20.66,75.23,0.0,6.64,20.76
2026-01-01 08:00:00,FARM004,Cotton,49.16,20.94,74.75,0.0,7.17,20.9
2026-01-01 09:00:00,FARM005,Wheat,59.36,23.49,68.8,0.0,6.48,22.17
2026-01-01 10:00:00,FARM001,Rice,57.06,27.59,63.5,0.0,6.27,25.57
2026-01-01 11:00:00,FARM002,Tomato,48.61,30.34,56.65,4.55,6.59,29.17
2026-01-01 12:00:00,FARM003,Maize,49.63,30.39,58.92,0.0,6.91,28.63
2026-01-01 13:00:00,FARM004,Cotton,48.52,31.82,56.67,0.0,7.16,30.55
2026-01-01 14:00:00,FARM005,Wheat,58.56,34.97,43.81,0.0,6.47,32.89
2026-01-01 15:00:00,FARM001,Rice,56.35,33.13,54.17,0.0,6.2,31.01
2026-01-01 16:00:00,FARM002,Tomato,47.96,31.93,52.91,0.0,6.46,29.39
2026-01-01 17:00:00,FARM003,Maize,48.92,33.3,54.8,0.0,6.81,31.47
2026-01-01 18:00:00,FARM004,Cotton,47.96,30.19,56.87,0.0,6.98,29.0
2026-01-01 19:00:00,FARM005,Wheat,63.6,29.44,59.54,6.72,6.37,28.15
2026-01-01 20:00:00,FARM001,Rice,55.97,26.56,64.62,0.0,6.04,25.17
2026-01-01 21:00:00,FARM002,Tomato,47.73,23.59,65.7,0.0,6.5,23.75
2026-01-01 22:00:00,FARM003,Maize,51.63,23.02,71.98,3.61,6.82,23.8
2026-01-01 23:00:00,FARM004,Cotton,47.81,20.95,75.82,0.0,7.01,20.22
2026-01-02 00:00:00,FARM005,Wheat,63.45,18.18,82.08,0.0,6.29,18.84
2026-01-02 01:00:00,FARM001,Rice,55.82,18.95,76.9,0.0,6.27,20.2
2026-01-02 02:00:00,FARM002,Tomato,52.78,19.83,80.97,6.74,6.4,20.29
2026-01-02 03:00:00,FARM003,Maize,51.48,17.8,78.39,0.0,6.77,17.67
2026-01-02 04:00:00,FARM004,Cotton,47.66,18.49,81.45,0.0,7.3,18.1
2026-01-02 05:00:00,FARM005,Wheat,63.3,17.59,80.86,0.0,6.46,17.85
2026-01-02 06:00:00,FARM001,Rice,55.67,17.49,81.75,0.0,6.3,17.21
2026-01-02 07:00:00,FARM002,Tomato,54.18,21.34,74.87,1.86,6.4,21.56
2026-01-02 08:00:00,FARM003,Maize,51.2,24.5,65.95,0.0,6.86,24.49
2026-01-02 09:00:00,FARM004,Cotton,47.27,26.74,64.72,0.0,7.18,25.32
2026-01-02 10:00:00,FARM005,Wheat,62.96,25.77,63.83,0.0,6.33,24.98
2026-01-02 11:00:00,FARM001,Rice,55.18,28.88,62.43,0.0,6.24,27.72
2026-01-02 12:00:00,FARM002,Tomato,53.39,34.76,50.68,0.0,6.43,32.59
2026-01-02 13:00:00,FARM003,Maize,50.63,30.32,57.18,0.0,6.86,29.01
2026-01-02 14:00:00,FARM004,Cotton,46.62,32.05,53.42,0.0,7.17,30.63
2026-01-02 15:00:00,FARM005,Wheat,62.24,33.32,53.28,0.0,6.54,30.7
2026-01-02 16:00:00,FARM001,Rice,54.48,33.07,52.59,0.0,6.11,30.71
2026-01-02 17:00:00,FARM002,Tomato,52.72,32.46,51.65,0.0,6.61,30.87
2026-01-02 18:00:00,FARM003,Maize,49.98,32.01,55.41,0.0,7.11,29.91
2026-01-02 19:00:00,FARM004,Cotton,46.08,29.86,58.72,0.0,7.11,28.95
2026-01-02 20:00:00,FARM005,Wheat,61.92,25.34,65.42,0.0,6.41,23.79
2026-01-02 21:00:00,FARM001,Rice,54.01,28.47,59.92,0.0,6.21,26.27
2026-01-02 22:00:00,FARM002,Tomato,52.57,21.59,71.71,0.0,6.55,21.18
2026-01-02 23:00:00,FARM003,Maize,55.27,19.9,84.0,7.06,6.85,20.02
2026-01-03 00:00:00,FARM004,Cotton,45.93,16.31,81.75,0.0,6.97,16.96
2026-01-03 01:00:00,FARM005,Wheat,61.77,16.91,80.61,0.0,6.35,18.2
2026-01-03 02:00:00,FARM001,Rice,53.86,19.92,76.9,0.0,6.33,20.13
2026-01-03 03:00:00,FARM002,Tomato,52.42,15.01,87.52,0.0,6.44,16.68
2026-01-03 04:00:00,FARM003,Maize,55.12,17.94,79.67,0.0,6.73,18.64
2026-01-03 05:00:00,FARM004,Cotton,45.78,16.13,86.23,0.0,6.99,16.66
2026-01-03 06:00:00,FARM005,Wheat,61.62,18.68,78.49,0.0,6.59,18.94
2026-01-03 07:00:00,FARM001,Rice,53.71,21.61,73.5,0.0,6.15,21.82
2026-01-03 08:00:00,FARM002,Tomato,52.22,23.03,66.75,0.0,6.6,22.38
2026-01-03 09:00:00,FARM003,Maize,54.87,24.08,68.35,0.0,6.85,24.52
2026-01-03 10:00:00,FARM004,Cotton,48.83,27.49,63.37,4.07,7.17,26.06
2026-01-03 11:00:00,FARM005,Wheat,61.09,29.54,59.55,0.0,6.45,27.76
2026-01-03 12:00:00,FARM001,Rice,53.17,29.71,60.02,0.0,6.25,28.69
2026-01-03 13:00:00,FARM002,Tomato,51.57,31.9,53.24,0.0,6.59,30.17
2026-01-03 14:00:00,FARM003,Maize,54.07,35.06,51.5,0.0,6.8,32.58
2026-01-03 15:00:00,FARM004,Cotton,48.08,34.02,50.22,0.0,7.05,31.76
2026-01-03 16:00:00,FARM005,Wheat,60.26,35.6,45.91,0.0,6.3,33.79
2026-01-03 17:00:00,FARM001,Rice,52.44,33.67,50.0,0.0,6.2,32.02
2026-01-03 18:00:00,FARM002,Tomato,51.14,27.52,60.81,0.0,6.47,27.28
2026-01-03 19:00:00,FARM003,Maize,53.54,29.62,57.82,0.0,6.82,27.9
2026-01-03 20:00:00,FARM004,Cotton,47.63,27.91,58.87,0.0,6.99,27.16
2026-01-03 21:00:00,FARM005,Wheat,60.01,23.92,64.87,0.0,6.53,23.23
2026-01-03 22:00:00,FARM001,Rice,52.27,22.48,72.18,0.0,6.13,22.11
2026-01-03 23:00:00,FARM002,Tomato,50.99,21.78,69.9,0.0,6.43,22.28
2026-01-04 00:00:00,FARM003,Maize,53.39,18.83,78.55,0.0,6.8,19.23
2026-01-04 01:00:00,FARM004,Cotton,47.48,18.22,83.76,0.0,7.13,18.1
2026-01-04 02:00:00,FARM005,Wheat,59.86,16.62,83.83,0.0,6.41,18.06
2026-01-04 03:00:00,FARM001,Rice,52.12,20.28,75.18,0.0,6.09,19.83
2026-01-04 04:00:00,FARM002,Tomato,73.73,18.82,89.46,30.32,6.53,18.09
2026-01-04 05:00:00,FARM003,Maize,53.24,18.93,75.29,0.0,6.95,19.58
2026-01-04 06:00:00,FARM004,Cotton,47.33,21.11,74.59,0.0,7.01,20.71
2026-01-04 07:00:00,FARM005,Wheat,59.71,21.51,73.05,0.0,6.5,21.24
2026-01-04 08:00:00,FARM001,Rice,64.87,20.54,83.54,17.0,6.2,20.16
2026-01-04 09:00:00,FARM002,Tomato,73.46,24.32,65.49,0.0,6.54,23.98
2026-01-04 10:00:00,FARM003,Maize,52.76,28.66,61.08,0.0,6.74,28.13
2026-01-04 11:00:00,FARM004,Cotton,46.71,31.33,55.95,0.0,7.19,29.69
2026-01-04 12:00:00,FARM005,Wheat,59.05,32.2,55.33,0.0,6.51,30.45
2026-01-04 13:00:00,FARM001,Rice,64.3,30.48,53.67,0.0,6.32,29.25
2026-01-04 14:00:00,FARM002,Tomato,72.71,34.06,53.7,0.0,6.51,31.88
2026-01-04 15:00:00,FARM003,Maize,51.94,35.44,48.18,0.0,6.86,32.43
2026-01-04 16:00:00,FARM004,Cotton,46.04,32.31,49.71,0.0,7.09,29.63
2026-01-04 17:00:00,FARM005,Wheat,60.62,29.97,59.84,2.1,6.32,28.81
2026-01-04 18:00:00,FARM001,Rice,63.76,29.89,62.31,0.0,6.17,27.88
2026-01-04 19:00:00,FARM002,Tomato,74.57,28.33,60.62,2.48,6.46,26.84
2026-01-04 20:00:00,FARM003,Maize,51.64,24.92,71.07,0.0,6.8,24.09
2026-01-04 21:00:00,FARM004,Cotton,45.79,23.95,70.59,0.0,7.05,23.46
2026-01-04 22:00:00,FARM005,Wheat,60.47,21.82,72.17,0.0,6.22,21.84
2026-01-04 23:00:00,FARM001,Rice,63.61,18.73,79.99,0.0,6.12,19.6
2026-01-05 00:00:00,FARM002,Tomato,74.42,19.39,76.84,0.0,6.42,19.97
2026-01-05 01:00:00,FARM003,Maize,51.49,15.66,83.44,0.0,6.8,16.41
2026-01-05 02:00:00,FARM004,Cotton,45.64,15.68,87.15,0.0,7.17,16.0
2026-01-05 03:00:00,FARM005,Wheat,60.32,16.99,86.17,0.0,6.48,18.18
2026-01-05 04:00:00,FARM001,Rice,63.46,16.61,80.35,0.0,6.09,17.91
2026-01-05 05:00:00,FARM002,Tomato,74.27,19.46,77.03,0.0,6.51,20.5
2026-01-05 06:00:00,FARM003,Maize,51.34,18.8,76.86,0.0,6.76,18.86
2026-01-05 07:00:00,FARM004,Cotton,45.49,20.11,70.8,0.0,7.15,19.66
2026-01-05 08:00:00,FARM005,Wheat,60.09,23.51,68.53,0.0,6.46,22.94
2026-01-05 09:00:00,FARM001,Rice,63.12,25.75,69.74,0.0,6.33,24.4
2026-01-05 10:00:00,FARM002,Tomato,73.8,28.47,59.23,0.0,6.36,26.82
2026-01-05 11:00:00,FARM003,Maize,50.96,26.56,61.14,0.0,6.86,25.6
2026-01-05 12:00:00,FARM004,Cotton,44.99,28.95,58.59,0.0,7.1,27.74
2026-01-05 13:00:00,FARM005,Wheat,85.0,30.64,77.77,37.81,6.35,28.85
2026-01-05 14:00:00,FARM001,Rice,62.37,33.98,49.39,0.0,6.39,31.32
2026-01-05 15:00:00,FARM002,Tomato,73.23,30.34,58.13,0.0,6.45,28.27
2026-01-05 16:00:00,FARM003,Maize,50.27,32.86,52.61,0.0,6.81,30.85
2026-01-05 17:00:00,FARM004,Cotton,44.39,31.04,56.92,0.0,7.07,29.68
2026-01-05 18:00:00,FARM005,Wheat,84.4,31.09,55.5,0.0,6.48,30.46
2026-01-05 19:00:00,FARM001,Rice,61.89,28.62,56.74,0.0,6.17,27.98
2026-01-05 20:00:00,FARM002,Tomato,72.83,27.1,62.74,0.0,6.57,26.87
2026-01-05 21:00:00,FARM003,Maize,49.9,26.34,61.63,0.0,6.89,25.44
2026-01-05 22:00:00,FARM004,Cotton,44.17,23.44,71.74,0.0,7.11,22.72
2026-01-05 23:00:00,FARM005,Wheat,84.25,20.27,77.17,0.0,6.33,20.43
2026-01-06 00:00:00,FARM001,Rice,61.74,19.45,76.29,0.0,6.27,19.29
2026-01-06 01:00:00,FARM002,Tomato,72.68,20.0,77.51,0.0,6.43,19.78
2026-01-06 02:00:00,FARM003,Maize,49.75,18.58,75.29,0.0,6.82,19.47
2026-01-06 03:00:00,FARM004,Cotton,44.02,15.41,80.7,0.0,7.22,15.84
2026-01-06 04:00:00,FARM005,Wheat,84.1,18.25,79.51,0.0,6.61,18.48
2026-01-06 05:00:00,FARM001,Rice,61.59,17.77,80.23,0.0,6.26,18.13
2026-01-06 06:00:00,FARM002,Tomato,72.53,20.06,76.39,0.0,6.41,20.16
2026-01-06 07:00:00,FARM003,Maize,49.6,18.99,75.84,0.0,6.79,20.08
2026-01-06 08:00:00,FARM004,Cotton,43.82,23.01,69.41,0.0,7.09,23.11
2026-01-06 09:00:00,FARM005,Wheat,85.0,26.61,67.93,4.25,6.21,25.33
2026-01-06 10:00:00,FARM001,Rice,61.2,26.73,63.21,0.0,6.33,26.03
2026-01-06 11:00:00,FARM002,Tomato,72.05,28.61,60.49,0.0,6.39,26.57
2026-01-06 12:00:00,FARM003,Maize,48.96,31.86,58.35,0.0,6.89,30.0
2026-01-06 13:00:00,FARM004,Cotton,43.19,31.52,55.27,0.0,7.11,29.24
2026-01-06 14:00:00,FARM005,Wheat,84.36,31.71,55.32,0.0,6.39,30.03
2026-01-06 15:00:00,FARM001,Rice,65.78,32.14,55.78,6.11,6.21,30.05
2026-01-06 16:00:00,FARM002,Tomato,71.38,32.34,49.63,0.0,6.4,31.24
2026-01-06 17:00:00,FARM003,Maize,48.4,30.16,54.9,0.0,6.74,28.74
2026-01-06 18:00:00,FARM004,Cotton,44.96,28.99,62.87,2.36,7.2,28.52
2026-01-06 19:00:00,FARM005,Wheat,85.0,30.08,57.75,1.88,6.44,28.0
2026-01-06 20:00:00,FARM001,Rice,65.47,25.24,68.2,0.0,6.12,24.81
2026-01-06 21:00:00,FARM002,Tomato,71.06,25.35,64.21,0.0,6.55,24.67
2026-01-06 22:00:00,FARM003,Maize,49.69,23.82,70.64,1.72,6.7,23.09
2026-01-06 23:00:00,FARM004,Cotton,44.79,22.39,69.21,0.0,7.03,21.94
2026-01-07 00:00:00,FARM005,Wheat,84.85,21.32,71.06,0.0,6.54,20.25
2026-01-07 01:00:00,FARM001,Rice,65.32,14.95,87.03,0.0,6.2,16.56
2026-01-07 02:00:00,FARM002,Tomato,73.69,16.77,87.87,3.5,6.55,17.93
2026-01-07 03:00:00,FARM003,Maize,49.54,16.07,83.11,0.0,6.83,16.45
2026-01-07 04:00:00,FARM004,Cotton,60.28,16.46,93.09,20.66,7.02,16.6
2026-01-07 05:00:00,FARM005,Wheat,84.7,18.68,77.44,0.0,6.44,18.03
2026-01-07 06:00:00,FARM001,Rice,65.17,21.77,69.13,0.0,6.1,22.29
2026-01-07 07:00:00,FARM002,Tomato,73.54,20.06,75.2,0.0,6.52,20.06
2026-01-07 08:00:00,FARM003,Maize,49.39,20.78,72.75,0.0,6.69,20.95
2026-01-07 09:00:00,FARM004,Cotton,60.05,23.54,73.79,0.0,7.08,23.54
2026-01-07 10:00:00,FARM005,Wheat,84.29,27.21,61.87,0.0,6.41,26.22
2026-01-07 11:00:00,FARM001,Rice,64.48,32.84,52.18,0.0,6.22,30.87
2026-01-07 12:00:00,FARM002,Tomato,72.94,30.93,55.07,0.0,6.64,29.12
2026-01-07 13:00:00,FARM003,Maize,48.69,32.99,50.44,0.0,6.87,30.76
2026-01-07 14:00:00,FARM004,Cotton,59.5,30.08,57.71,0.0,7.15,29.14
2026-01-07 15:00:00,FARM005,Wheat,83.58,33.27,53.75,0.0,6.45,30.61
2026-01-07 16:00:00,FARM001,Rice,63.7,34.66,49.47,0.0,6.07,32.99
2026-01-07 17:00:00,FARM002,Tomato,72.26,32.57,55.01,0.0,6.51,30.79
2026-01-07 18:00:00,FARM003,Maize,48.07,31.33,55.53,0.0,6.85,29.52
2026-01-07 19:00:00,FARM004,Cotton,59.0,29.04,56.92,0.0,7.14,27.7
2026-01-07 20:00:00,FARM005,Wheat,83.25,25.51,65.71,0.0,6.36,25.32
2026-01-07 21:00:00,FARM001,Rice,63.29,27.17,64.83,0.0,6.22,26.19
2026-01-07 22:00:00,FARM002,Tomato,85.0,20.91,84.45,17.33,6.5,21.07
2026-01-07 23:00:00,FARM003,Maize,47.88,22.83,75.5,0.0,6.77,22.06
2026-01-08 00:00:00,FARM004,Cotton,58.85,18.67,76.65,0.0,7.16,19.6
2026-01-08 01:00:00,FARM005,Wheat,83.1,17.62,78.28,0.0,6.34,17.57
2026-01-08 02:00:00,FARM001,Rice,63.14,17.22,78.86,0.0,6.25,17.75
2026-01-08 03:00:00,FARM002,Tomato,84.85,16.75,81.75,0.0,6.55,16.82
2026-01-08 04:00:00,FARM003,Maize,47.73,15.59,86.27,0.0,6.93,16.44
2026-01-08 05:00:00,FARM004,Cotton,58.7,15.72,82.46,0.0,7.06,16.4
2026-01-08 06:00:00,FARM005,Wheat,85.0,18.39,95.0,28.82,6.35,19.23
2026-01-08 07:00:00,FARM001,Rice,62.99,19.75,75.04,0.0,6.14,20.02
2026-01-08 08:00:00,FARM002,Tomato,84.48,26.47,63.13,0.0,6.47,25.97
2026-01-08 09:00:00,FARM003,Maize,47.41,25.43,64.52,0.0,6.81,24.78
2026-01-08 10:00:00,FARM004,Cotton,58.43,24.45,67.92,0.0,7.24,23.15
2026-01-08 11:00:00,FARM005,Wheat,84.54,28.22,54.24,0.0,6.33,27.1
2026-01-08 12:00:00,FARM001,Rice,62.32,32.47,54.92,0.0,6.35,30.77
2026-01-08 13:00:00,FARM002,Tomato,83.79,32.8,54.83,0.0,6.53,30.7
2026-01-08 14:00:00,FARM003,Maize,46.69,33.34,54.12,0.0,6.89,31.7
2026-01-08 15:00:00,FARM004,Cotton,57.63,35.07,48.13,0.0,7.03,33.13
2026-01-08 16:00:00,FARM005,Wheat,83.91,31.69,55.02,0.0,6.5,30.18
2026-01-08 17:00:00,FARM001,Rice,61.66,32.21,55.53,0.0,6.09,30.4
2026-01-08 18:00:00,FARM002,Tomato,83.1,32.9,53.28,0.0,6.63,31.07
2026-01-08 19:00:00,FARM003,Maize,46.2,28.86,60.4,0.0,6.83,27.67
2026-01-08 20:00:00,FARM004,Cotton,57.24,26.79,64.04,0.0,7.04,25.57
2026-01-08 21:00:00,FARM005,Wheat,85.0,26.79,71.37,17.42,6.43,25.01
2026-01-08 22:00:00,FARM001,Rice,61.35,25.28,63.09,0.0,6.17,24.46
2026-01-08 23:00:00,FARM002,Tomato,82.95,19.16,75.47,0.0,6.56,19.2
2026-01-09 00:00:00,FARM003,Maize,46.05,19.71,76.08,0.0,6.71,19.47
2026-01-09 01:00:00,FARM004,Cotton,57.09,17.9,76.73,0.0,7.04,18.53
2026-01-09 02:00:00,FARM005,Wheat,84.85,17.2,79.62,0.0,6.35,17.74
2026-01-09 03:00:00,FARM001,Rice,61.2,17.11,81.04,0.0,6.29,17.43
2026-01-09 04:00:00,FARM002,Tomato,82.8,17.79,80.9,0.0,6.55,18.35
2026-01-09 05:00:00,FARM003,Maize,62.02,16.66,95.0,21.29,6.84,17.32
2026-01-09 06:00:00,FARM004,Cotton,56.94,17.8,78.61,0.0,7.24,18.11
2026-01-09 07:00:00,FARM005,Wheat,85.0,20.94,79.98,7.98,6.35,20.08
2026-01-09 08:00:00,FARM001,Rice,62.4,22.26,71.83,1.6,6.01,20.98
2026-01-09 09:00:00,FARM002,Tomato,82.62,22.62,72.03,0.0,6.54,22.61
2026-01-09 10:00:00,FARM003,Maize,61.62,27.03,63.34,0.0,6.71,25.69
2026-01-09 11:00:00,FARM004,Cotton,56.33,31.26,53.98,0.0,7.1,30.01
2026-01-09 12:00:00,FARM005,Wheat,85.0,30.25,60.47,5.05,6.31,28.67
2026-01-09 13:00:00,FARM001,Rice,61.68,33.41,54.66,0.0,6.27,31.71
2026-01-09 14:00:00,FARM002,Tomato,81.93,32.82,53.71,0.0,6.55,30.57
2026-01-09 15:00:00,FARM003,Maize,60.96,32.13,56.8,0.0,6.82,30.86
2026-01-09 16:00:00,FARM004,Cotton,55.49,35.84,46.75,0.0,7.12,33.12
2026-01-09 17:00:00,FARM005,Wheat,84.43,30.38,57.27,0.0,6.57,28.56
2026-01-09 18:00:00,FARM001,Rice,60.97,33.25,49.89,0.0,6.25,31.48
2026-01-09 19:00:00,FARM002,Tomato,84.47,28.25,65.02,3.38,6.49,27.12
2026-01-09 20:00:00,FARM003,Maize,60.49,28.47,58.3,0.0,6.68,27.64
2026-01-09 21:00:00,FARM004,Cotton,55.17,25.34,66.18,0.0,7.24,25.06
2026-01-09 22:00:00,FARM005,Wheat,84.28,20.48,78.09,0.0,6.51,20.12
2026-01-09 23:00:00,FARM001,Rice,60.82,20.06,76.54,0.0,6.18,20.25
2026-01-10 00:00:00,FARM002,Tomato,84.32,16.87,83.18,0.0,6.27,17.31
2026-01-10 01:00:00,FARM003,Maize,60.34,19.79,77.13,0.0,6.79,18.95
2026-01-10 02:00:00,FARM004,Cotton,55.02,18.48,77.8,0.0,7.13,18.09
2026-01-10 03:00:00,FARM005,Wheat,84.13,16.93,77.34,0.0,6.42,17.63
2026-01-10 04:00:00,FARM001,Rice,60.67,16.88,84.62,0.0,6.27,17.96
2026-01-10 05:00:00,FARM002,Tomato,85.0,17.55,85.6,11.67,6.67,17.74
2026-01-10 06:00:00,FARM003,Maize,60.19,19.92,75.54,0.0,6.83,20.15
2026-01-10 07:00:00,FARM004,Cotton,60.32,20.51,78.35,7.06,7.02,20.16
2026-01-10 08:00:00,FARM005,Wheat,83.95,22.64,73.08,0.0,6.43,22.47
2026-01-10 09:00:00,FARM001,Rice,60.3,26.5,62.56,0.0,6.23,24.08
2026-01-10 10:00:00,FARM002,Tomato,84.67,25.66,64.56,0.0,6.65,25.13
2026-01-10 11:00:00,FARM003,Maize,59.7,28.71,60.26,0.0,6.96,27.51
2026-01-10 12:00:00,FARM004,Cotton,59.66,32.1,56.43,0.0,7.19,30.44
2026-01-10 13:00:00,FARM005,Wheat,83.26,32.89,51.25,0.0,6.42,30.38
2026-01-10 14:00:00,FARM001,Rice,59.54,34.24,53.6,0.0,6.24,31.98
2026-01-10 15:00:00,FARM002,Tomato,83.99,32.63,55.36,0.0,6.55,31.22
2026-01-10 16:00:00,FARM003,Maize,58.96,33.81,50.84,0.0,6.81,32.06
2026-01-10 17:00:00,FARM004,Cotton,59.03,31.67,52.44,0.0,6.97,29.93
2026-01-10 18:00:00,FARM005,Wheat,82.74,29.33,57.93,0.0,6.29,28.71
2026-01-10 19:00:00,FARM001,Rice,58.92,31.46,50.87,0.0,6.15,30.25
2026-01-10 20:00:00,FARM002,Tomato,83.58,27.16,60.33,0.0,6.37,26.65
2026-01-10 21:00:00,FARM003,Maize,58.58,26.53,65.61,0.0,6.85,26.77
2026-01-10 22:00:00,FARM004,Cotton,58.85,22.55,69.9,0.0,7.08,22.36
2026-01-10 23:00:00,FARM005,Wheat,82.59,18.46,80.71,0.0,6.35,18.64
2026-01-11 00:00:00,FARM001,Rice,58.77,16.47,80.37,0.0,6.28,17.2
2026-01-11 01:00:00,FARM002,Tomato,83.43,16.6,80.18,0.0,6.54,17.0
2026-01-11 02:00:00,FARM003,Maize,58.43,20.04,72.74,0.0,6.84,20.15
2026-01-11 03:00:00,FARM004,Cotton,58.7,16.97,80.3,0.0,7.11,17.7
2026-01-11 04:00:00,FARM005,Wheat,82.44,17.98,79.73,0.0,6.4,18.35
2026-01-11 05:00:00,FARM001,Rice,58.62,17.02,83.66,0.0,6.18,17.14
2026-01-11 06:00:00,FARM002,Tomato,83.28,18.93,76.49,0.0,6.57,19.47
2026-01-11 07:00:00,FARM003,Maize,58.28,20.56,75.47,0.0,6.74,21.1
2026-01-11 08:00:00,FARM004,Cotton,58.34,26.26,66.0,0.0,7.13,24.7
2026-01-11 09:00:00,FARM005,Wheat,85.0,24.72,74.04,9.22,6.58,23.95
2026-01-11 10:00:00,FARM001,Rice,58.26,26.23,65.41,0.0,6.2,24.61
2026-01-11 11:00:00,FARM002,Tomato,82.75,29.62,62.04,0.0,6.46,27.79
2026-01-11 12:00:00,FARM003,Maize,57.65,31.51,53.08,0.0,6.74,30.6
2026-01-11 13:00:00,FARM004,Cotton,57.74,31.05,56.58,0.0,6.98,29.29
2026-01-11 14:00:00,FARM005,Wheat,84.29,33.22,49.86,0.0,6.3,31.65
2026-01-11 15:00:00,FARM001,Rice,57.51,34.04,49.32,0.0,6.2,32.91
2026-01-11 16:00:00,FARM002,Tomato,82.02,33.56,49.61,0.0,6.55,31.56
2026-01-11 17:00:00,FARM003,Maize,57.07,30.56,55.52,0.0,6.9,29.02
2026-01-11 18:00:00,FARM004,Cotton,57.08,32.29,52.81,0.0,6.99,30.75
2026-01-11 19:00:00,FARM005,Wheat,83.78,29.11,64.24,0.0,6.43,28.13
2026-01-11 20:00:00,FARM001,Rice,57.09,27.36,63.76,0.0,6.25,26.1
2026-01-11 21:00:00,FARM002,Tomato,81.8,23.39,66.23,0.0,6.54,22.44
2026-01-11 22:00:00,FARM003,Maize,56.92,21.27,75.39,0.0,6.8,20.0
2026-01-11 23:00:00,FARM004,Cotton,56.93,21.38,73.68,0.0,7.09,21.17
2026-01-12 00:00:00,FARM005,Wheat,83.63,20.72,75.84,0.0,6.45,20.47
2026-01-12 01:00:00,FARM001,Rice,56.94,17.31,81.92,0.0,6.13,17.6
2026-01-12 02:00:00,FARM002,Tomato,81.65,17.31,80.39,0.0,6.52,17.71
2026-01-12 03:00:00,FARM003,Maize,56.77,20.7,74.76,0.0,6.7,20.44
2026-01-12 04:00:00,FARM004,Cotton,56.78,15.67,84.81,0.0,7.1,16.17
2026-01-12 05:00:00,FARM005,Wheat,83.48,15.37,82.46,0.0,6.39,15.74
2026-01-12 06:00:00,FARM001,Rice,56.79,17.53,78.51,0.0,6.23,18.2
2026-01-12 07:00:00,FARM002,Tomato,81.5,19.97,76.35,0.0,6.47,19.94
2026-01-12 08:00:00,FARM003,Maize,56.62,22.01,72.41,0.0,6.74,21.56
2026-01-12 09:00:00,FARM004,Cotton,56.59,22.7,66.03,0.0,7.17,22.75
2026-01-12 10:00:00,FARM005,Wheat,83.18,25.02,69.38,0.0,6.37,24.15
2026-01-12 11:00:00,FARM001,Rice,60.77,30.32,59.29,5.3,6.2,29.15
2026-01-12 12:00:00,FARM002,Tomato,80.85,31.95,51.53,0.0,6.51,29.76
2026-01-12 13:00:00,FARM003,Maize,55.97,31.91,50.64,0.0,6.96,30.41
2026-01-12 14:00:00,FARM004,Cotton,55.99,30.94,55.96,0.0,7.24,29.28
2026-01-12 15:00:00,FARM005,Wheat,82.58,30.94,56.88,0.0,6.42,28.49
2026-01-12 16:00:00,FARM001,Rice,60.0,34.44,51.36,0.0,6.16,31.71
2026-01-12 17:00:00,FARM002,Tomato,80.04,35.16,49.27,0.0,6.56,32.58
2026-01-12 18:00:00,FARM003,Maize,55.44,29.7,59.46,0.0,6.75,28.33
2026-01-12 19:00:00,FARM004,Cotton,57.27,32.02,54.49,1.71,7.11,30.29
2026-01-12 20:00:00,FARM005,Wheat,82.28,25.05,68.27,0.0,6.49,23.81
2026-01-12 21:00:00,FARM001,Rice,59.73,24.32,70.6,0.0,6.26,23.45
2026-01-12 22:00:00,FARM002,Tomato,79.77,24.42,65.54,0.0,6.46,23.38
2026-01-12 23:00:00,FARM003,Maize,55.29,21.42,74.36,0.0,6.97,20.74
2026-01-13 00:00:00,FARM004,Cotton,57.12,18.38,81.83,0.0,7.24,19.09
2026-01-13 01:00:00,FARM005,Wheat,82.13,19.19,76.73,0.0,6.33,19.61
2026-01-13 02:00:00,FARM001,Rice,59.58,15.71,84.88,0.0,6.21,15.37
2026-01-13 03:00:00,FARM002,Tomato,79.62,16.27,83.33,0.0,6.57,16.66
2026-01-13 04:00:00,FARM003,Maize,55.14,18.56,80.27,0.0,6.73,18.48
2026-01-13 05:00:00,FARM004,Cotton,56.97,19.89,77.52,0.0,7.19,19.84
2026-01-13 06:00:00,FARM005,Wheat,81.98,19.61,76.51,0.0,6.39,19.02
2026-01-13 07:00:00,FARM001,Rice,59.42,22.22,74.48,0.0,6.2,22.18
2026-01-13 08:00:00,FARM002,Tomato,79.4,23.39,66.1,0.0,6.51,23.73
2026-01-13 09:00:00,FARM003,Maize,54.7,27.72,64.68,0.0,6.85,26.87
2026-01-13 10:00:00,FARM004,Cotton,59.42,26.86,64.87,3.27,7.03,25.22
2026-01-13 11:00:00,FARM005,Wheat,81.52,28.13,62.81,0.0,6.52,27.2
2026-01-13 12:00:00,FARM001,Rice,58.88,29.88,57.95,0.0,6.2,27.84
2026-01-13 13:00:00,FARM002,Tomato,78.81,30.75,53.75,0.0,6.41,29.46
2026-01-13 14:00:00,FARM003,Maize,54.05,32.05,57.76,0.0,6.77,29.83
2026-01-13 15:00:00,FARM004,Cotton,58.7,33.34,55.35,0.0,7.04,31.81
2026-01-13 16:00:00,FARM005,Wheat,80.75,34.48,48.83,0.0,6.6,32.02
2026-01-13 17:00:00,FARM001,Rice,58.28,31.08,59.78,0.0,6.35,29.51
2026-01-13 18:00:00,FARM002,Tomato,78.11,33.1,53.98,0.0,6.46,31.61
2026-01-13 19:00:00,FARM003,Maize,57.24,27.77,65.53,4.25,6.88,26.6
2026-01-13 20:00:00,FARM004,Cotton,58.29,27.2,62.18,0.0,7.03,26.86
2026-01-13 21:00:00,FARM005,Wheat,80.51,23.74,72.29,0.0,6.45,23.11
2026-01-13 22:00:00,FARM001,Rice,58.13,21.39,72.8,0.0,6.22,22.11
2026-01-13 23:00:00,FARM002,Tomato,77.92,22.72,74.87,0.0,6.62,22.16
2026-01-14 00:00:00,FARM003,Maize,57.09,18.61,77.45,0.0,6.86,18.26
2026-01-14 01:00:00,FARM004,Cotton,58.14,15.23,83.65,0.0,6.97,16.03
2026-01-14 02:00:00,FARM005,Wheat,80.36,18.04,77.31,0.0,6.4,18.07
2026-01-14 03:00:00,FARM001,Rice,57.98,17.31,84.16,0.0,6.16,17.52
2026-01-14 04:00:00,FARM002,Tomato,77.77,16.37,83.32,0.0,6.45,17.15
2026-01-14 05:00:00,FARM003,Maize,58.19,18.6,77.3,1.47,6.73,18.87
2026-01-14 06:00:00,FARM004,Cotton,57.99,19.88,78.04,0.0,7.04,19.79
2026-01-14 07:00:00,FARM005,Wheat,85.0,23.24,68.49,6.35,6.47,22.62
2026-01-14 08:00:00,FARM001,Rice,65.27,24.03,73.74,9.72,6.24,23.28
2026-01-14 09:00:00,FARM002,Tomato,77.59,22.66,68.99,0.0,6.55,22.0
2026-01-14 10:00:00,FARM003,Maize,57.89,25.07,63.64,0.0,6.89,25.52
2026-01-14 11:00:00,FARM004,Cotton,57.55,27.9,63.82,0.0,7.31,26.31
2026-01-14 12:00:00,FARM005,Wheat,84.44,30.21,55.97,0.0,6.41,28.75
2026-01-14 13:00:00,FARM001,Rice,64.7,30.32,56.53,0.0,6.36,27.31
2026-01-14 14:00:00,FARM002,Tomato,76.77,35.38,48.36,0.0,6.44,32.56
2026-01-14 15:00:00,FARM003,Maize,67.89,32.73,58.46,13.34,6.74,31.51
2026-01-14 16:00:00,FARM004,Cotton,56.9,32.0,51.51,0.0,7.11,29.72
2026-01-14 17:00:00,FARM005,Wheat,83.82,31.39,57.26,0.0,6.39,29.94
2026-01-14 18:00:00,FARM001,Rice,64.13,30.39,59.37,0.0,6.24,30.43
2026-01-14 19:00:00,FARM002,Tomato,76.17,30.96,56.5,0.0,6.38,29.03
2026-01-14 20:00:00,FARM003,Maize,67.42,28.45,63.17,0.0,6.84,26.85
2026-01-14 21:00:00,FARM004,Cotton,56.54,26.15,65.9,0.0,7.03,25.13
2026-01-14 22:00:00,FARM005,Wheat,83.67,21.96,71.94,0.0,6.44,22.18
2026-01-14 23:00:00,FARM001,Rice,63.98,20.18,73.77,0.0,6.23,19.9
2026-01-15 00:00:00,FARM002,Tomato,76.0,22.44,71.99,0.0,6.52,21.54
2026-01-15 01:00:00,FARM003,Maize,67.27,18.85,75.95,0.0,6.83,19.03
2026-01-15 02:00:00,FARM004,Cotton,56.39,16.99,81.48,0.0,7.08,17.93
2026-01-15 03:00:00,FARM005,Wheat,83.52,19.69,76.95,0.0,6.37,19.85
2026-01-15 04:00:00,FARM001,Rice,63.83,17.78,83.61,0.0,6.23,17.97
2026-01-15 05:00:00,FARM002,Tomato,75.85,17.62,76.04,0.0,6.45,17.0
2026-01-15 06:00:00,FARM003,Maize,67.12,21.29,74.77,0.0,6.73,21.09
2026-01-15 07:00:00,FARM004,Cotton,56.24,20.15,78.96,0.0,7.07,19.92
2026-01-15 08:00:00,FARM005,Wheat,83.23,24.76,67.23,0.0,6.5,24.81
2026-01-15 09:00:00,FARM001,Rice,63.53,25.06,64.53,0.0,6.3,24.37
2026-01-15 10:00:00,FARM002,Tomato,75.48,26.37,63.73,0.0,6.54,25.52
2026-01-15 11:00:00,FARM003,Maize,66.66,28.24,61.42,0.0,6.96,27.39
2026-01-15 12:00:00,FARM004,Cotton,59.16,29.16,62.49,3.9,7.11,27.45
2026-01-15 13:00:00,FARM005,Wheat,82.56,32.45,51.17,0.0,6.47,30.83
2026-01-15 14:00:00,FARM001,Rice,62.82,33.14,52.08,0.0,6.12,31.49
2026-01-15 15:00:00,FARM002,Tomato,74.7,34.66,50.12,0.0,6.49,32.4
2026-01-15 16:00:00,FARM003,Maize,75.49,32.45,59.03,11.77,6.83,30.11
2026-01-15 17:00:00,FARM004,Cotton,58.55,31.28,57.17,0.0,7.15,29.96
2026-01-15 18:00:00,FARM005,Wheat,82.05,29.25,60.67,0.0,6.37,28.41
2026-01-15 19:00:00,FARM001,Rice,62.29,29.51,58.44,0.0,6.17,27.76
2026-01-15 20:00:00,FARM002,Tomato,74.3,27.04,60.12,0.0,6.56,25.83
2026-01-15 21:00:00,FARM003,Maize,85.0,26.58,74.84,19.66,6.87,25.16
2026-01-15 22:00:00,FARM004,Cotton,58.29,24.28,68.09,0.0,7.09,23.75
2026-01-15 23:00:00,FARM005,Wheat,85.0,21.11,79.77,15.24,6.42,21.52
2026-01-16 00:00:00,FARM001,Rice,62.14,20.81,75.85,0.0,6.42,20.94
2026-01-16 01:00:00,FARM002,Tomato,74.15,15.36,85.37,0.0,6.61,15.71
2026-01-16 02:00:00,FARM003,Maize,84.85,17.07,83.72,0.0,6.94,17.99
2026-01-16 03:00:00,FARM004,Cotton,58.14,15.48,83.64,0.0,7.03,16.55
2026-01-16 04:00:00,FARM005,Wheat,84.85,20.53,78.0,0.0,6.45,20.36
2026-01-16 05:00:00,FARM001,Rice,64.65,21.51,74.08,3.35,6.02,21.34
2026-01-16 06:00:00,FARM002,Tomato,74.0,19.01,74.77,0.0,6.56,18.12
2026-01-16 07:00:00,FARM003,Maize,85.0,21.12,73.9,1.06,6.74,20.22
2026-01-16 08:00:00,FARM004,Cotton,57.92,23.41,70.62,0.0,7.09,23.57
2026-01-16 09:00:00,FARM005,Wheat,84.61,23.83,68.47,0.0,6.34,23.16
2026-01-16 10:00:00,FARM001,Rice,64.17,28.68,59.58,0.0,6.15,27.39
2026-01-16 11:00:00,FARM002,Tomato,73.6,26.93,64.06,0.0,6.54,24.96
2026-01-16 12:00:00,FARM003,Maize,84.54,28.29,61.37,0.0,6.75,27.49
2026-01-16 13:00:00,FARM004,Cotton,57.33,30.87,52.13,0.0,7.04,29.41
2026-01-16 14:00:00,FARM005,Wheat,83.94,32.41,54.69,0.0,6.39,30.05
2026-01-16 15:00:00,FARM001,Rice,63.38,34.84,49.09,0.0,6.2,33.19
2026-01-16 16:00:00,FARM002,Tomato,72.86,33.79,51.94,0.0,6.55,31.84
2026-01-16 17:00:00,FARM003,Maize,83.89,32.02,54.3,0.0,6.78,29.84
2026-01-16 18:00:00,FARM004,Cotton,56.76,30.46,53.25,0.0,7.16,27.95
2026-01-16 19:00:00,FARM005,Wheat,83.38,30.28,56.2,0.0,6.54,29.38
2026-01-16 20:00:00,FARM001,Rice,63.07,25.28,65.96,0.0,6.31,24.95
2026-01-16 21:00:00,FARM002,Tomato,72.52,25.79,65.31,0.0,6.56,25.17
2026-01-16 22:00:00,FARM003,Maize,83.63,24.12,71.76,0.0,6.86,22.63
2026-01-16 23:00:00,FARM004,Cotton,56.61,19.52,74.65,0.0,7.08,20.33
2026-01-17 00:00:00,FARM005,Wheat,83.23,18.88,78.12,0.0,6.39,19.44
2026-01-17 01:00:00,FARM001,Rice,66.98,15.95,88.12,5.22,6.11,17.16
2026-01-17 02:00:00,FARM002,Tomato,72.37,14.83,85.25,0.0,6.52,16.24
2026-01-17 03:00:00,FARM003,Maize,83.48,15.79,83.59,0.0,6.76,16.63
2026-01-17 04:00:00,FARM004,Cotton,57.55,17.12,79.61,1.25,7.07,17.76
2026-01-17 05:00:00,FARM005,Wheat,83.08,15.37,85.73,0.0,6.37,15.89
2026-01-17 06:00:00,FARM001,Rice,66.83,21.1,70.94,0.0,6.08,21.12
2026-01-17 07:00:00,FARM002,Tomato,72.22,21.79,76.24,0.0,6.68,20.5
2026-01-17 08:00:00,FARM003,Maize,83.24,23.89,66.87,0.0,6.73,23.56
2026-01-17 09:00:00,FARM004,Cotton,57.34,23.11,66.44,0.0,7.16,22.21
2026-01-17 10:00:00,FARM005,Wheat,82.76,25.46,65.76,0.0,6.59,24.76
2026-01-17 11:00:00,FARM001,Rice,66.31,29.44,56.55,0.0,6.24,28.47
2026-01-17 12:00:00,FARM002,Tomato,71.67,29.96,55.02,0.0,6.52,28.41
2026-01-17 13:00:00,FARM003,Maize,82.57,32.33,54.42,0.0,6.77,31.37
2026-01-17 14:00:00,FARM004,Cotton,56.63,33.13,52.12,0.0,7.01,30.99
2026-01-17 15:00:00,FARM005,Wheat,82.06,32.98,49.09,0.0,6.5,31.23
2026-01-17 16:00:00,FARM001,Rice,65.69,31.37,56.01,0.0,6.01,29.34
2026-01-17 17:00:00,FARM002,Tomato,70.82,36.0,47.09,0.0,6.52,33.47
2026-01-17 18:00:00,FARM003,Maize,81.95,31.44,57.74,0.0,6.78,30.05
2026-01-17 19:00:00,FARM004,Cotton,56.14,28.8,61.47,0.0,7.12,27.98
2026-01-17 20:00:00,FARM005,Wheat,81.66,27.04,65.23,0.0,6.49,25.79
2026-01-17 21:00:00,FARM001,Rice,65.42,24.39,66.84,0.0,6.27,23.36
2026-01-17 22:00:00,FARM002,Tomato,70.55,24.36,69.18,0.0,6.56,23.96
2026-01-17 23:00:00,FARM003,Maize,81.8,21.63,75.44,0.0,6.86,21.09
2026-01-18 00:00:00,FARM004,Cotton,55.99,19.87,74.59,0.0,7.1,20.42
2026-01-18 01:00:00,FARM005,Wheat,84.98,15.61,86.33,4.43,6.39,15.45
2026-01-18 02:00:00,FARM001,Rice,65.27,17.32,80.83,0.0,6.13,18.03
2026-01-18 03:00:00,FARM002,Tomato,71.76,17.99,77.21,1.61,6.44,18.76
2026-01-18 04:00:00,FARM003,Maize,81.65,16.12,82.67,0.0,6.86,16.23
2026-01-18 05:00:00,FARM004,Cotton,55.84,17.65,81.5,0.0,7.0,18.32
2026-01-18 06:00:00,FARM005,Wheat,84.83,19.43,75.32,0.0,6.43,19.65
2026-01-18 07:00:00,FARM001,Rice,65.12,21.01,77.78,0.0,6.3,21.36
2026-01-18 08:00:00,FARM002,Tomato,71.55,23.24,71.85,0.0,6.54,22.51
2026-01-18 09:00:00,FARM003,Maize,81.33,25.35,67.15,0.0,6.76,25.23
2026-01-18 10:00:00,FARM004,Cotton,55.44,27.03,64.02,0.0,7.02,25.09
2026-01-18 11:00:00,FARM005,Wheat,84.38,28.06,60.84,0.0,6.41,26.86
2026-01-18 12:00:00,FARM001,Rice,64.48,31.89,54.05,0.0,6.14,29.67
2026-01-18 13:00:00,FARM002,Tomato,70.85,33.02,53.09,0.0,6.52,30.82
2026-01-18 14:00:00,FARM003,Maize,80.58,34.0,50.67,0.0,6.96,31.83
2026-01-18 15:00:00,FARM004,Cotton,54.62,35.35,50.3,0.0,7.2,32.38
2026-01-18 16:00:00,FARM005,Wheat,83.69,32.86,53.26,0.0,6.38,31.03
2026-01-18 17:00:00,FARM001,Rice,63.87,31.27,55.72,0.0,6.25,29.65
2026-01-18 18:00:00,FARM002,Tomato,70.38,28.49,57.91,0.0,6.39,26.07
2026-01-18 19:00:00,FARM003,Maize,79.99,30.85,57.71,0.0,6.71,29.06
2026-01-18 20:00:00,FARM004,Cotton,54.14,28.63,62.41,0.0,7.23,27.3
2026-01-18 21:00:00,FARM005,Wheat,83.45,23.89,67.26,0.0,6.49,23.1
2026-01-18 22:00:00,FARM001,Rice,63.72,21.15,74.31,0.0,6.19,21.8
2026-01-18 23:00:00,FARM002,Tomato,71.84,19.68,74.06,1.95,6.51,19.02
2026-01-19 00:00:00,FARM003,Maize,81.53,17.06,81.89,2.06,6.59,16.93
2026-01-19 01:00:00,FARM004,Cotton,53.99,19.24,77.33,0.0,7.08,18.15
2026-01-19 02:00:00,FARM005,Wheat,83.3,17.31,82.95,0.0,6.34,17.99
2026-01-19 03:00:00,FARM001,Rice,63.57,17.18,82.42,0.0,6.25,18.38
2026-01-19 04:00:00,FARM002,Tomato,74.67,16.74,83.96,3.78,6.62,16.94
2026-01-19 05:00:00,FARM003,Maize,84.42,16.21,85.08,3.85,6.8,16.04
2026-01-19 06:00:00,FARM004,Cotton,53.84,19.6,72.17,0.0,7.03,19.78
2026-01-19 07:00:00,FARM005,Wheat,83.15,20.41,75.06,0.0,6.27,20.26
2026-01-19 08:00:00,FARM001,Rice,83.31,22.67,84.4,26.32,6.22,23.1
2026-01-19 09:00:00,FARM002,Tomato,74.46,23.11,71.08,0.0,6.42,22.34
2026-01-19 10:00:00,FARM003,Maize,83.99,27.66,63.21,0.0,6.89,27.22
2026-01-19 11:00:00,FARM004,Cotton,53.22,31.37,56.81,0.0,7.08,29.16
2026-01-19 12:00:00,FARM005,Wheat,82.59,30.26,56.89,0.0,6.41,27.8
2026-01-19 13:00:00,FARM001,Rice,82.73,30.68,56.85,0.0,6.25,30.12
2026-01-19 14:00:00,FARM002,Tomato,73.77,32.73,52.71,0.0,6.47,30.01
2026-01-19 15:00:00,FARM003,Maize,83.3,32.73,51.96,0.0,6.79,31.51
2026-01-19 16:00:00,FARM004,Cotton,52.55,32.43,52.77,0.0,7.15,29.95
2026-01-19 17:00:00,FARM005,Wheat,82.06,29.53,57.41,0.0,6.41,28.33
2026-01-19 18:00:00,FARM001,Rice,82.14,30.9,57.23,0.0,6.2,29.29
2026-01-19 19:00:00,FARM002,Tomato,73.32,28.04,59.61,0.0,6.57,27.08
2026-01-19 20:00:00,FARM003,Maize,82.79,29.16,62.48,0.0,6.83,28.37
2026-01-19 21:00:00,FARM004,Cotton,55.95,24.53,67.61,4.53,7.15,23.85
2026-01-19 22:00:00,FARM005,Wheat,81.8,24.25,68.04,0.0,6.33,23.39
2026-01-19 23:00:00,FARM001,Rice,81.99,20.97,73.54,0.0,6.15,20.58
2026-01-20 00:00:00,FARM002,Tomato,73.17,20.46,72.48,0.0,6.37,20.3
2026-01-20 01:00:00,FARM003,Maize,82.64,18.44,75.07,0.0,6.88,18.75
2026-01-20 02:00:00,FARM004,Cotton,55.8,16.25,85.51,0.0,7.0,17.21
2026-01-20 03:00:00,FARM005,Wheat,81.65,15.93,83.35,0.0,6.32,16.24
2026-01-20 04:00:00,FARM001,Rice,81.84,16.66,78.93,0.0,6.36,17.5
2026-01-20 05:00:00,FARM002,Tomato,73.02,18.9,76.18,0.0,6.39,20.38
2026-01-20 06:00:00,FARM003,Maize,82.49,19.06,76.97,0.0,6.52,19.66
2026-01-20 07:00:00,FARM004,Cotton,55.65,21.61,74.88,0.0,7.07,20.71
2026-01-20 08:00:00,FARM005,Wheat,81.5,19.02,76.81,0.0,6.48,19.27
2026-01-20 09:00:00,FARM001,Rice,81.46,26.56,60.63,0.0,6.23,25.95
2026-01-20 10:00:00,FARM002,Tomato,72.65,26.31,66.02,0.0,6.3,25.32
2026-01-20 11:00:00,FARM003,Maize,82.05,27.9,63.14,0.0,6.71,26.2
2026-01-20 12:00:00,FARM004,Cotton,55.02,31.66,52.89,0.0,7.0,30.14
2026-01-20 13:00:00,FARM005,Wheat,80.79,33.22,53.77,0.0,6.38,31.53
2026-01-20 14:00:00,FARM001,Rice,80.82,31.83,53.51,0.0,6.22,30.77
2026-01-20 15:00:00,FARM002,Tomato,71.82,35.7,48.58,0.0,6.61,33.54
2026-01-20 16:00:00,FARM003,Maize,81.31,33.7,53.28,0.0,6.86,30.89
2026-01-20 17:00:00,FARM004,Cotton,54.37,31.98,55.65,0.0,7.09,29.7
2026-01-20 18:00:00,FARM005,Wheat,80.17,31.46,57.0,0.0,6.39,30.18
2026-01-20 19:00:00,FARM001,Rice,80.24,30.63,58.54,0.0,6.15,29.5
2026-01-20 20:00:00,FARM002,Tomato,71.46,26.23,66.9,0.0,6.58,24.75
2026-01-20 21:00:00,FARM003,Maize,80.96,25.95,63.11,0.0,6.77,25.1
2026-01-20 22:00:00,FARM004,Cotton,54.12,23.97,68.73,0.0,7.14,23.8
2026-01-20 23:00:00,FARM005,Wheat,80.01,22.16,73.11,0.0,6.4,21.34
2026-01-21 00:00:00,FARM001,Rice,80.09,19.35,76.69,0.0,6.22,19.12
2026-01-21 01:00:00,FARM002,Tomato,71.31,18.44,77.85,0.0,6.43,19.37
2026-01-21 02:00:00,FARM003,Maize,80.81,18.31,77.74,0.0,6.86,18.37
2026-01-21 03:00:00,FARM004,Cotton,53.97,18.67,77.66,0.0,7.11,19.84
2026-01-21 04:00:00,FARM005,Wheat,79.86,14.61,88.2,0.0,6.28,15.62
2026-01-21 05:00:00,FARM001,Rice,79.94,19.9,75.11,0.0,6.06,19.48
2026-01-21 06:00:00,FARM002,Tomato,74.87,17.67,82.89,4.75,6.54,18.64
2026-01-21 07:00:00,FARM003,Maize,80.63,22.68,74.22,0.0,6.76,23.0
2026-01-21 08:00:00,FARM004,Cotton,53.8,22.49,72.21,0.0,7.1,21.85
2026-01-21 09:00:00,FARM005,Wheat,79.56,25.05,69.94,0.0,6.35,23.91
2026-01-21 10:00:00,FARM001,Rice,79.58,26.11,62.01,0.0,6.15,26.04
2026-01-21 11:00:00,FARM002,Tomato,74.38,28.87,61.93,0.0,6.4,26.81
2026-01-21 12:00:00,FARM003,Maize,81.85,30.79,57.23,1.63,6.81,29.37
2026-01-21 13:00:00,FARM004,Cotton,53.14,32.22,51.4,0.0,7.17,29.98
2026-01-21 14:00:00,FARM005,Wheat,78.81,33.94,47.76,0.0,6.47,31.27
2026-01-21 15:00:00,FARM001,Rice,78.83,33.98,51.94,0.0,6.23,31.11
2026-01-21 16:00:00,FARM002,Tomato,73.66,33.31,50.31,0.0,6.64,30.65
2026-01-21 17:00:00,FARM003,Maize,81.2,31.99,55.56,0.0,6.8,30.06
2026-01-21 18:00:00,FARM004,Cotton,52.47,32.34,52.06,0.0,7.09,30.32
2026-01-21 19:00:00,FARM005,Wheat,78.29,29.47,58.08,0.0,6.27,28.14
2026-01-21 20:00:00,FARM001,Rice,78.3,29.69,60.17,0.0,6.12,28.93
2026-01-21 21:00:00,FARM002,Tomato,76.12,25.54,66.27,3.28,6.43,24.99
2026-01-21 22:00:00,FARM003,Maize,80.88,25.49,64.96,0.0,6.82,24.52
2026-01-21 23:00:00,FARM004,Cotton,52.32,21.75,70.05,0.0,7.12,21.72
2026-01-22 00:00:00,FARM005,Wheat,78.14,21.47,71.83,0.0,6.4,21.59
2026-01-22 01:00:00,FARM001,Rice,78.15,19.1,74.18,0.0,6.22,19.13
2026-01-22 02:00:00,FARM002,Tomato,75.97,18.49,78.26,0.0,6.62,18.58
2026-01-22 03:00:00,FARM003,Maize,80.73,14.99,81.79,0.0,6.64,16.09
2026-01-22 04:00:00,FARM004,Cotton,63.52,18.08,85.96,14.93,6.96,18.46
2026-01-22 05:00:00,FARM005,Wheat,77.99,17.04,80.34,0.0,6.52,17.49
2026-01-22 06:00:00,FARM001,Rice,78.0,17.46,81.66,0.0,6.12,18.25
2026-01-22 07:00:00,FARM002,Tomato,75.82,21.2,73.18,0.0,6.45,21.1
2026-01-22 08:00:00,FARM003,Maize,80.58,21.3,69.37,0.0,6.84,20.69
2026-01-22 09:00:00,FARM004,Cotton,63.14,26.57,65.27,0.0,7.08,25.35
2026-01-22 10:00:00,FARM005,Wheat,77.6,26.88,65.03,0.0,6.4,26.01
2026-01-22 11:00:00,FARM001,Rice,77.42,30.6,57.65,0.0,6.17,27.94
2026-01-22 12:00:00,FARM002,Tomato,75.17,32.04,53.55,0.0,6.63,30.48
2026-01-22 13:00:00,FARM003,Maize,80.02,30.27,58.63,0.0,6.73,28.91
2026-01-22 14:00:00,FARM004,Cotton,62.48,32.1,54.44,0.0,7.24,30.14
2026-01-22 15:00:00,FARM005,Wheat,76.92,32.58,52.92,0.0,6.38,30.91
2026-01-22 16:00:00,FARM001,Rice,76.55,36.37,46.24,0.0,6.15,34.13
2026-01-22 17:00:00,FARM002,Tomato,74.58,30.82,58.57,0.0,6.67,28.85
2026-01-22 18:00:00,FARM003,Maize,79.56,28.28,63.27,0.0,6.88,26.1
2026-01-22 19:00:00,FARM004,Cotton,61.98,29.0,60.46,0.0,7.17,27.0
2026-01-22 20:00:00,FARM005,Wheat,76.59,25.55,65.34,0.0,6.34,24.76
2026-01-22 21:00:00,FARM001,Rice,76.22,25.65,67.55,0.0,6.18,24.4
2026-01-22 22:00:00,FARM002,Tomato,74.38,22.99,70.53,0.0,6.44,21.82
2026-01-22 23:00:00,FARM003,Maize,79.31,24.04,69.29,0.0,6.94,23.91
2026-01-23 00:00:00,FARM004,Cotton,61.83,19.9,72.01,0.0,7.09,20.11
2026-01-23 01:00:00,FARM005,Wheat,76.44,17.71,78.52,0.0,6.39,18.77
2026-01-23 02:00:00,FARM001,Rice,76.07,19.13,77.01,0.0,6.28,19.03
2026-01-23 03:00:00,FARM002,Tomato,81.4,17.74,84.36,9.36,6.45,18.1
2026-01-23 04:00:00,FARM003,Maize,79.16,16.83,77.95,0.0,6.85,17.98
2026-01-23 05:00:00,FARM004,Cotton,61.68,17.12,80.81,0.0,7.05,16.96
2026-01-23 06:00:00,FARM005,Wheat,76.29,21.99,73.72,0.0,6.31,21.55
2026-01-23 07:00:00,FARM001,Rice,75.92,20.7,75.28,0.0,6.32,20.59
2026-01-23 08:00:00,FARM002,Tomato,81.1,25.02,67.13,0.0,6.61,24.47
2026-01-23 09:00:00,FARM003,Maize,78.83,25.61,64.46,0.0,6.84,24.34
2026-01-23 10:00:00,FARM004,Cotton,61.27,27.3,63.25,0.0,7.12,26.15
2026-01-23 11:00:00,FARM005,Wheat,75.66,31.55,58.94,0.0,6.49,30.35
2026-01-23 12:00:00,FARM001,Rice,75.34,30.52,55.37,0.0,6.15,28.33
2026-01-23 13:00:00,FARM002,Tomato,80.54,30.29,59.18,0.0,6.49,28.35
2026-01-23 14:00:00,FARM003,Maize,85.0,30.67,64.37,10.53,6.77,29.09
2026-01-23 15:00:00,FARM004,Cotton,60.49,34.66,47.43,0.0,7.17,32.76
2026-01-23 16:00:00,FARM005,Wheat,74.96,32.99,50.98,0.0,6.35,31.32
2026-01-23 17:00:00,FARM001,Rice,74.77,30.41,58.96,0.0,6.1,29.2
2026-01-23 18:00:00,FARM002,Tomato,79.92,31.49,53.42,0.0,6.61,30.08
2026-01-23 19:00:00,FARM003,Maize,84.53,28.31,61.74,0.0,6.67,27.03
2026-01-23 20:00:00,FARM004,Cotton,60.08,27.21,64.36,0.0,7.08,26.0
2026-01-23 21:00:00,FARM005,Wheat,74.69,24.3,69.77,0.0,6.45,23.98
2026-01-23 22:00:00,FARM001,Rice,78.2,21.4,76.44,4.58,6.31,21.07
2026-01-23 23:00:00,FARM002,Tomato,79.74,22.62,73.95,0.0,6.55,21.57
2026-01-24 00:00:00,FARM003,Maize,84.38,20.95,74.79,0.0,6.88,21.82
2026-01-24 01:00:00,FARM004,Cotton,59.93,18.29,82.62,0.0,7.06,18.56
2026-01-24 02:00:00,FARM005,Wheat,74.54,15.24,85.3,0.0,6.23,15.68
2026-01-24 03:00:00,FARM001,Rice,78.05,17.94,79.58,0.0,6.15,18.69
2026-01-24 04:00:00,FARM002,Tomato,79.59,19.06,81.62,0.0,6.5,19.79
2026-01-24 05:00:00,FARM003,Maize,84.23,19.59,77.55,0.0,6.72,20.32
2026-01-24 06:00:00,FARM004,Cotton,59.78,17.53,84.42,0.0,7.06,18.09
2026-01-24 07:00:00,FARM005,Wheat,84.35,20.5,84.75,13.08,6.47,20.6
2026-01-24 08:00:00,FARM001,Rice,77.82,23.55,67.65,0.0,6.44,23.25
2026-01-24 09:00:00,FARM002,Tomato,79.37,23.35,70.74,0.0,6.48,22.69
2026-01-24 10:00:00,FARM003,Maize,83.7,29.7,56.93,0.0,6.79,29.03
2026-01-24 11:00:00,FARM004,Cotton,59.21,30.4,55.02,0.0,7.15,28.97
2026-01-24 12:00:00,FARM005,Wheat,83.72,31.6,55.7,0.0,6.41,29.46
2026-01-24 13:00:00,FARM001,Rice,81.02,33.72,54.13,4.27,6.22,31.6
2026-01-24 14:00:00,FARM002,Tomato,78.73,31.73,54.53,0.0,6.38,29.88
2026-01-24 15:00:00,FARM003,Maize,83.04,32.26,50.53,0.0,6.76,30.28
2026-01-24 16:00:00,FARM004,Cotton,58.57,31.81,53.77,0.0,7.07,30.56
2026-01-24 17:00:00,FARM005,Wheat,83.13,30.77,55.86,0.0,6.43,28.51
2026-01-24 18:00:00,FARM001,Rice,80.37,31.98,54.37,0.0,6.13,29.99
2026-01-24 19:00:00,FARM002,Tomato,78.19,29.86,58.72,0.0,6.41,27.49
2026-01-24 20:00:00,FARM003,Maize,82.72,25.32,66.23,0.0,6.66,24.53
2026-01-24 21:00:00,FARM004,Cotton,58.28,24.88,64.84,0.0,6.91,23.73
2026-01-24 22:00:00,FARM005,Wheat,82.89,23.74,70.23,0.0,6.43,24.0
2026-01-24 23:00:00,FARM001,Rice,80.22,21.59,70.77,0.0,6.16,20.39
2026-01-25 00:00:00,FARM002,Tomato,78.04,21.9,75.07,0.0,6.5,21.58
2026-01-25 01:00:00,FARM003,Maize,82.57,19.5,75.85,0.0,6.64,19.39
2026-01-25 02:00:00,FARM004,Cotton,58.13,16.54,86.04,0.0,7.23,17.23
2026-01-25 03:00:00,FARM005,Wheat,82.74,20.33,71.21,0.0,6.47,20.2
2026-01-25 04:00:00,FARM001,Rice,80.07,15.93,82.15,0.0,6.13,16.74
2026-01-25 05:00:00,FARM002,Tomato,77.89,17.16,81.87,0.0,6.48,17.32
2026-01-25 06:00:00,FARM003,Maize,82.42,19.44,79.44,0.0,6.76,19.75
2026-01-25 07:00:00,FARM004,Cotton,57.98,19.92,76.95,0.0,7.14,19.82
2026-01-25 08:00:00,FARM005,Wheat,82.5,23.71,70.14,0.0,6.38,22.66
2026-01-25 09:00:00,FARM001,Rice,85.0,23.74,79.02,17.36,6.3,22.74
2026-01-25 10:00:00,FARM002,Tomato,77.53,26.11,63.57,0.0,6.48,25.42
2026-01-25 11:00:00,FARM003,Maize,85.0,30.24,58.14,3.76,6.74,28.69
2026-01-25 12:00:00,FARM004,Cotton,57.4,30.55,55.8,0.0,7.14,29.41
2026-01-25 13:00:00,FARM005,Wheat,82.06,27.81,64.29,0.0,6.37,26.39
2026-01-25 14:00:00,FARM001,Rice,84.36,31.83,56.24,0.0,6.22,29.5
2026-01-25 15:00:00,FARM002,Tomato,78.49,33.76,47.7,1.28,6.64,33.66
2026-01-25 16:00:00,FARM003,Maize,85.0,32.3,55.61,5.77,6.83,30.6
2026-01-25 17:00:00,FARM004,Cotton,56.87,29.65,61.07,0.0,7.06,28.58
2026-01-25 18:00:00,FARM005,Wheat,81.37,32.8,51.5,0.0,6.46,30.57
2026-01-25 19:00:00,FARM001,Rice,83.81,30.03,56.67,0.0,6.19,29.45
2026-01-25 20:00:00,FARM002,Tomato,77.97,29.37,58.74,0.0,6.49,28.03
2026-01-25 21:00:00,FARM003,Maize,84.69,25.14,68.14,0.0,6.68,24.5
2026-01-25 22:00:00,FARM004,Cotton,56.72,21.17,72.12,0.0,7.18,21.57
2026-01-25 23:00:00,FARM005,Wheat,81.2,22.31,69.67,0.0,6.3,22.7
2026-01-26 00:00:00,FARM001,Rice,83.66,19.18,79.47,0.0,6.16,18.9
2026-01-26 01:00:00,FARM002,Tomato,79.3,19.03,79.28,1.78,6.41,19.08
2026-01-26 02:00:00,FARM003,Maize,84.54,17.4,84.83,0.0,6.77,16.29
2026-01-26 03:00:00,FARM004,Cotton,56.57,18.24,77.27,0.0,7.24,18.91
2026-01-26 04:00:00,FARM005,Wheat,81.05,18.67,77.85,0.0,6.45,18.75
2026-01-26 05:00:00,FARM001,Rice,83.51,16.42,81.39,0.0,6.12,17.42
2026-01-26 06:00:00,FARM002,Tomato,79.15,21.18,74.33,0.0,6.64,20.87
2026-01-26 07:00:00,FARM003,Maize,84.39,20.91,71.63,0.0,6.96,19.85
2026-01-26 08:00:00,FARM004,Cotton,56.3,24.3,69.96,0.0,7.2,23.71
2026-01-26 09:00:00,FARM005,Wheat,80.61,27.86,58.54,0.0,6.32,27.09
2026-01-26 10:00:00,FARM001,Rice,83.12,26.89,61.54,0.0,6.19,25.9
2026-01-26 11:00:00,FARM002,Tomato,78.64,29.22,59.55,0.0,6.48,27.5
2026-01-26 12:00:00,FARM003,Maize,83.88,29.23,55.9,0.0,6.85,27.88
2026-01-26 13:00:00,FARM004,Cotton,55.66,31.83,53.88,0.0,7.25,30.28
2026-01-26 14:00:00,FARM005,Wheat,79.88,33.56,47.86,0.0,6.48,30.86
2026-01-26 15:00:00,FARM001,Rice,82.39,33.64,48.87,0.0,6.09,31.81
2026-01-26 16:00:00,FARM002,Tomato,78.0,31.85,54.53,0.0,6.43,30.59
2026-01-26 17:00:00,FARM003,Maize,83.14,33.78,53.6,0.0,6.76,31.68
2026-01-26 18:00:00,FARM004,Cotton,55.11,30.04,58.75,0.0,7.09,29.11
2026-01-26 19:00:00,FARM005,Wheat,84.5,29.5,59.69,6.16,6.38,29.05
2026-01-26 20:00:00,FARM001,Rice,81.97,27.31,62.16,0.0,6.21,26.24
2026-01-26 21:00:00,FARM002,Tomato,77.77,23.56,69.95,0.0,6.54,22.92
2026-01-26 22:00:00,FARM003,Maize,82.96,22.6,73.64,0.0,6.77,21.89
2026-01-26 23:00:00,FARM004,Cotton,54.96,21.64,72.12,0.0,7.08,21.99
2026-01-27 00:00:00,FARM005,Wheat,84.35,17.74,78.96,0.0,6.42,17.19
2026-01-27 01:00:00,FARM001,Rice,81.82,16.27,80.31,0.0,6.18,16.63
2026-01-27 02:00:00,FARM002,Tomato,77.62,17.5,84.01,0.0,6.5,18.38
2026-01-27 03:00:00,FARM003,Maize,82.81,17.34,83.72,0.0,6.76,18.09
2026-01-27 04:00:00,FARM004,Cotton,54.81,20.26,77.08,0.0,7.14,20.4
2026-01-27 05:00:00,FARM005,Wheat,84.2,18.42,78.38,0.0,6.49,18.53
2026-01-27 06:00:00,FARM001,Rice,81.67,20.44,75.09,0.0,6.3,20.27
2026-01-27 07:00:00,FARM002,Tomato,77.47,18.07,79.02,0.0,6.49,18.43
2026-01-27 08:00:00,FARM003,Maize,82.5,25.19,68.74,0.0,6.85,24.07
2026-01-27 09:00:00,FARM004,Cotton,54.52,24.81,67.49,0.0,7.07,24.38
2026-01-27 10:00:00,FARM005,Wheat,83.7,28.99,57.23,0.0,6.45,28.19
2026-01-27 11:00:00,FARM001,Rice,81.14,29.68,57.92,0.0,6.17,27.29
2026-01-27 12:00:00,FARM002,Tomato,76.78,32.9,52.39,0.0,6.44,30.73
2026-01-27 13:00:00,FARM003,Maize,81.78,33.5,50.95,0.0,6.76,32.3
2026-01-27 14:00:00,FARM004,Cotton,60.39,31.84,57.89,7.83,7.09,30.01
2026-01-27 15:00:00,FARM005,Wheat,83.01,32.73,52.91,0.0,6.4,30.84
2026-01-27 16:00:00,FARM001,Rice,80.58,30.13,54.3,0.0,6.23,29.36
2026-01-27 17:00:00,FARM002,Tomato,76.21,30.4,58.97,0.0,6.33,29.31
2026-01-27 18:00:00,FARM003,Maize,81.2,30.51,55.9,0.0,6.85,28.63
2026-01-27 19:00:00,FARM004,Cotton,59.84,29.95,57.87,0.0,7.03,28.18
2026-01-27 20:00:00,FARM005,Wheat,82.54,28.33,62.36,0.0,6.34,26.9
2026-01-27 21:00:00,FARM001,Rice,80.28,24.98,64.96,0.0,6.07,23.9
2026-01-27 22:00:00,FARM002,Tomato,76.06,21.07,75.29,0.0,6.56,20.96
2026-01-27 23:00:00,FARM003,Maize,81.05,20.74,72.36,0.0,6.66,20.54
2026-01-28 00:00:00,FARM004,Cotton,63.58,18.76,78.83,4.98,7.15,19.03
2026-01-28 01:00:00,FARM005,Wheat,82.39,16.1,82.39,0.0,6.45,17.07
2026-01-28 02:00:00,FARM001,Rice,80.13,16.57,84.12,0.0,6.24,16.37
2026-01-28 03:00:00,FARM002,Tomato,75.91,18.47,79.72,0.0,6.44,18.96
2026-01-28 04:00:00,FARM003,Maize,80.9,19.37,78.92,0.0,6.95,18.89
2026-01-28 05:00:00,FARM004,Cotton,63.43,17.46,77.94,0.0,7.24,18.2
2026-01-28 06:00:00,FARM005,Wheat,82.24,16.59,81.39,0.0,6.43,16.71
2026-01-28 07:00:00,FARM001,Rice,79.98,21.28,76.64,0.0,6.22,21.3
2026-01-28 08:00:00,FARM002,Tomato,75.66,23.92,70.74,0.0,6.54,22.97
2026-01-28 09:00:00,FARM003,Maize,80.51,26.78,67.04,0.0,6.87,25.17
2026-01-28 10:00:00,FARM004,Cotton,63.16,24.49,66.45,0.0,7.16,24.73
2026-01-28 11:00:00,FARM005,Wheat,81.82,27.42,61.03,0.0,6.46,26.69
2026-01-28 12:00:00,FARM001,Rice,85.0,32.27,59.14,11.6,6.03,30.59
2026-01-28 13:00:00,FARM002,Tomato,75.03,31.61,52.96,0.0,6.65,30.14
2026-01-28 14:00:00,FARM003,Maize,79.92,30.81,56.98,0.0,6.81,29.28
2026-01-28 15:00:00,FARM004,Cotton,62.34,35.43,44.89,0.0,7.18,34.09
2026-01-28 16:00:00,FARM005,Wheat,81.15,32.47,51.56,0.0,6.48,30.99
2026-01-28 17:00:00,FARM001,Rice,84.21,34.78,50.67,0.0,6.28,32.69
2026-01-28 18:00:00,FARM002,Tomato,74.42,31.21,57.13,0.0,6.41,29.6
2026-01-28 19:00:00,FARM003,Maize,85.0,30.82,64.57,11.44,6.7,30.06
2026-01-28 20:00:00,FARM004,Cotton,62.08,24.12,69.05,0.0,7.15,23.86
2026-01-28 21:00:00,FARM005,Wheat,80.87,24.68,66.82,0.0,6.42,23.54
2026-01-28 22:00:00,FARM001,Rice,85.0,20.98,79.06,7.22,6.42,20.45
2026-01-28 23:00:00,FARM002,Tomato,74.27,21.15,70.81,0.0,6.62,20.56
2026-01-29 00:00:00,FARM003,Maize,84.85,18.85,78.01,0.0,6.82,18.92
2026-01-29 01:00:00,FARM004,Cotton,61.93,19.68,79.13,0.0,7.13,19.77
2026-01-29 02:00:00,FARM005,Wheat,80.72,15.46,86.58,0.0,6.49,15.6
2026-01-29 03:00:00,FARM001,Rice,84.85,15.81,83.98,0.0,6.12,16.24
2026-01-29 04:00:00,FARM002,Tomato,74.12,18.92,77.94,0.0,6.59,19.61
2026-01-29 05:00:00,FARM003,Maize,84.7,19.19,81.63,0.0,6.72,20.03
2026-01-29 06:00:00,FARM004,Cotton,61.78,18.8,83.27,0.0,7.05,19.19
2026-01-29 07:00:00,FARM005,Wheat,82.14,19.72,79.81,1.89,6.58,19.8
2026-01-29 08:00:00,FARM001,Rice,84.6,23.92,68.94,0.0,6.15,22.7
2026-01-29 09:00:00,FARM002,Tomato,73.9,23.36,71.62,0.0,6.52,23.27
2026-01-29 10:00:00,FARM003,Maize,84.27,27.59,65.14,0.0,6.69,27.09
2026-01-29 11:00:00,FARM004,Cotton,61.38,26.95,59.44,0.0,7.16,25.83
2026-01-29 12:00:00,FARM005,Wheat,81.58,30.1,55.77,0.0,6.5,28.51
2026-01-29 13:00:00,FARM001,Rice,84.03,30.48,52.62,0.0,6.11,29.72
2026-01-29 14:00:00,FARM002,Tomato,73.2,33.05,51.32,0.0,6.49,30.6
2026-01-29 15:00:00,FARM003,Maize,83.56,33.12,48.25,0.0,6.75,30.09
2026-01-29 16:00:00,FARM004,Cotton,60.76,31.34,52.0,0.0,6.99,29.52
2026-01-29 17:00:00,FARM005,Wheat,80.99,30.86,56.8,0.0,6.44,30.21
2026-01-29 18:00:00,FARM001,Rice,83.26,34.32,46.86,0.0,6.12,31.9
2026-01-29 19:00:00,FARM002,Tomato,72.72,28.58,58.88,0.0,6.55,26.81
2026-01-29 20:00:00,FARM003,Maize,83.15,27.19,63.48,0.0,6.88,25.77
2026-01-29 21:00:00,FARM004,Cotton,60.38,26.66,64.26,0.0,7.04,25.38
2026-01-29 22:00:00,FARM005,Wheat,80.81,22.62,71.14,0.0,6.39,22.63
2026-01-29 23:00:00,FARM001,Rice,83.01,23.96,71.28,0.0,6.23,22.67
2026-01-30 00:00:00,FARM002,Tomato,72.57,19.27,78.3,0.0,6.55,18.96
2026-01-30 01:00:00,FARM003,Maize,83.0,18.37,80.05,0.0,6.73,18.57
2026-01-30 02:00:00,FARM004,Cotton,60.23,17.12,82.55,0.0,7.11,17.31
2026-01-30 03:00:00,FARM005,Wheat,80.66,16.67,80.81,0.0,6.47,18.19
2026-01-30 04:00:00,FARM001,Rice,82.86,17.01,80.28,0.0,6.19,16.92
2026-01-30 05:00:00,FARM002,Tomato,72.42,19.33,76.62,0.0,6.38,19.53
2026-01-30 06:00:00,FARM003,Maize,82.85,19.83,76.81,0.0,6.91,20.46
2026-01-30 07:00:00,FARM004,Cotton,60.08,21.67,69.95,0.0,7.24,21.97
2026-01-30 08:00:00,FARM005,Wheat,80.46,23.01,71.73,0.0,6.3,22.85
2026-01-30 09:00:00,FARM001,Rice,85.0,23.07,74.97,8.42,6.33,22.76
2026-01-30 10:00:00,FARM002,Tomato,71.96,28.11,58.97,0.0,6.48,26.32
2026-01-30 11:00:00,FARM003,Maize,82.39,28.22,60.95,0.0,6.76,26.71
2026-01-30 12:00:00,FARM004,Cotton,59.72,26.26,64.34,0.0,7.12,26.35
2026-01-30 13:00:00,FARM005,Wheat,85.0,30.84,62.42,7.82,6.41,29.22
2026-01-30 14:00:00,FARM001,Rice,85.0,33.55,56.73,1.83,6.25,31.55
2026-01-30 15:00:00,FARM002,Tomato,73.83,32.27,51.88,2.49,6.51,30.84
2026-01-30 16:00:00,FARM003,Maize,81.68,33.21,54.18,0.0,6.63,31.29
2026-01-30 17:00:00,FARM004,Cotton,58.99,33.66,46.13,0.0,7.07,32.3
2026-01-30 18:00:00,FARM005,Wheat,84.41,30.82,54.67,0.0,6.27,29.45
2026-01-30 19:00:00,FARM001,Rice,84.52,28.51,61.92,0.0,6.28,27.13
2026-01-30 20:00:00,FARM002,Tomato,73.53,24.96,66.71,0.0,6.47,25.54
2026-01-30 21:00:00,FARM003,Maize,81.29,26.77,64.82,0.0,6.77,25.44
2026-01-30 22:00:00,FARM004,Cotton,58.83,22.19,72.7,0.0,7.1,22.16
2026-01-30 23:00:00,FARM005,Wheat,84.26,21.75,71.74,0.0,6.53,21.22
2026-01-31 00:00:00,FARM001,Rice,84.37,21.14,72.36,0.0,6.23,21.11
2026-01-31 01:00:00,FARM002,Tomato,73.38,19.99,76.33,0.0,6.5,18.88
2026-01-31 02:00:00,FARM003,Maize,81.14,17.87,78.67,0.0,6.71,17.78
2026-01-31 03:00:00,FARM004,Cotton,58.68,16.7,84.23,0.0,6.96,18.23
2026-01-31 04:00:00,FARM005,Wheat,84.11,15.5,88.29,0.0,6.53,16.31
2026-01-31 05:00:00,FARM001,Rice,85.0,19.09,80.55,4.51,6.32,18.82
2026-01-31 06:00:00,FARM002,Tomato,73.23,20.66,76.13,0.0,6.57,20.02
2026-01-31 07:00:00,FARM003,Maize,80.99,20.61,73.84,0.0,6.67,21.74
2026-01-31 08:00:00,FARM004,Cotton,58.46,23.45,69.79,0.0,7.08,24.19
2026-01-31 09:00:00,FARM005,Wheat,85.0,26.49,66.55,8.03,6.4,25.06
2026-01-31 10:00:00,FARM001,Rice,84.53,28.35,62.89,0.0,6.2,28.16
2026-01-31 11:00:00,FARM002,Tomato,72.71,29.34,61.69,0.0,6.53,28.48
2026-01-31 12:00:00,FARM003,Maize,80.29,33.0,50.06,0.0,6.82,30.83
2026-01-31 13:00:00,FARM004,Cotton,57.88,30.68,57.82,0.0,6.95,28.76
2026-01-31 14:00:00,FARM005,Wheat,84.43,30.39,57.44,0.0,6.3,29.76
2026-01-31 15:00:00,FARM001,Rice,83.88,31.96,57.15,0.0,6.29,29.71
2026-01-31 16:00:00,FARM002,Tomato,72.03,32.57,55.89,0.0,6.59,31.18
2026-01-31 17:00:00,FARM003,Maize,79.72,30.47,56.6,0.0,6.84,29.4
2026-01-31 18:00:00,FARM004,Cotton,57.33,29.95,62.19,0.0,7.1,28.27
2026-01-31 19:00:00,FARM005,Wheat,83.87,30.17,56.08,0.0,6.26,28.25
2026-01-31 20:00:00,FARM001,Rice,83.43,27.91,63.15,0.0,6.26,26.82
2026-01-31 21:00:00,FARM002,Tomato,71.8,23.52,70.73,0.0,6.63,22.85
2026-01-31 22:00:00,FARM003,Maize,79.52,22.96,74.47,0.0,6.72,21.79
2026-01-31 23:00:00,FARM004,Cotton,57.18,19.75,74.78,0.0,7.05,20.17
2026-02-01 00:00:00,FARM005,Wheat,83.72,19.51,77.73,0.0,6.42,19.62
2026-02-01 01:00:00,FARM001,Rice,83.28,17.56,77.38,0.0,6.11,18.11
2026-02-01 02:00:00,FARM002,Tomato,71.65,17.24,79.35,0.0,6.41,17.29
2026-02-01 03:00:00,FARM003,Maize,79.37,17.39,79.57,0.0,6.83,17.89
2026-02-01 04:00:00,FARM004,Cotton,57.03,17.77,80.03,0.0,6.93,18.18
2026-02-01 05:00:00,FARM005,Wheat,83.57,18.31,81.02,0.0,6.35,19.67
2026-02-01 06:00:00,FARM001,Rice,83.13,19.15,78.99,0.0,6.25,19.45
2026-02-01 07:00:00,FARM002,Tomato,71.5,20.79,75.38,0.0,6.44,20.84
2026-02-01 08:00:00,FARM003,Maize,79.11,24.2,68.31,0.0,6.81,24.15
2026-02-01 09:00:00,FARM004,Cotton,56.72,25.11,66.1,0.0,7.18,24.27
2026-02-01 10:00:00,FARM005,Wheat,83.14,27.58,63.56,0.0,6.33,26.28
2026-02-01 11:00:00,FARM001,Rice,82.44,32.73,53.84,0.0,6.23,30.95
2026-02-01 12:00:00,FARM002,Tomato,70.96,29.77,60.85,0.0,6.58,28.46
2026-02-01 13:00:00,FARM003,Maize,78.4,33.24,51.73,0.0,6.73,31.1
2026-02-01 14:00:00,FARM004,Cotton,56.03,32.84,51.06,0.0,7.03,31.01
2026-02-01 15:00:00,FARM005,Wheat,82.45,32.79,50.93,0.0,6.38,31.03
2026-02-01 16:00:00,FARM001,Rice,81.75,32.76,50.16,0.0,6.09,30.71
2026-02-01 17:00:00,FARM002,Tomato,70.29,32.35,53.8,0.0,6.58,29.43
2026-02-01 18:00:00,FARM003,Maize,77.9,28.95,59.53,0.0,6.79,27.62
2026-02-01 19:00:00,FARM004,Cotton,55.46,30.49,59.92,0.0,7.07,29.77
2026-02-01 20:00:00,FARM005,Wheat,82.01,27.84,59.49,0.0,6.21,26.42
2026-02-01 21:00:00,FARM001,Rice,81.39,26.29,66.47,0.0,6.07,24.93
2026-02-01 22:00:00,FARM002,Tomato,70.09,22.93,69.81,0.0,6.49,22.5
2026-02-01 23:00:00,FARM003,Maize,77.75,20.44,76.17,0.0,6.85,19.7
2026-02-02 00:00:00,FARM004,Cotton,55.31,19.57,74.78,0.0,7.09,19.49
2026-02-02 01:00:00,FARM005,Wheat,81.86,14.81,88.25,0.0,6.46,15.68
2026-02-02 02:00:00,FARM001,Rice,81.24,17.11,79.82,0.0,6.04,17.32
2026-02-02 03:00:00,FARM002,Tomato,69.94,17.16,80.69,0.0,6.62,18.61
2026-02-02 04:00:00,FARM003,Maize,77.6,17.26,79.31,0.0,6.87,17.82
2026-02-02 05:00:00,FARM004,Cotton,55.16,18.41,79.44,0.0,7.05,18.66
2026-02-02 06:00:00,FARM005,Wheat,81.71,17.21,83.03,0.0,6.36,17.37
2026-02-02 07:00:00,FARM001,Rice,83.23,19.83,74.09,2.66,6.24,19.48
2026-02-02 08:00:00,FARM002,Tomato,69.79,20.18,75.64,0.0,6.57,19.54
2026-02-02 09:00:00,FARM003,Maize,77.35,23.92,68.64,0.0,6.77,23.18
2026-02-02 10:00:00,FARM004,Cotton,54.83,25.51,65.31,0.0,7.12,24.1
2026-02-02 11:00:00,FARM005,Wheat,85.0,27.66,73.29,20.21,6.36,26.67
2026-02-02 12:00:00,FARM001,Rice,82.71,29.45,60.16,0.0,6.17,28.08
2026-02-02 13:00:00,FARM002,Tomato,74.84,32.31,56.88,6.74,6.52,30.34
2026-02-02 14:00:00,FARM003,Maize,76.74,31.24,57.63,0.0,6.62,29.05
2026-02-02 15:00:00,FARM004,Cotton,54.09,33.73,51.36,0.0,6.94,31.24
2026-02-02 16:00:00,FARM005,Wheat,84.26,33.71,51.65,0.0,6.3,32.06
2026-02-02 17:00:00,FARM001,Rice,82.08,31.6,54.35,0.0,6.19,29.49
2026-02-02 18:00:00,FARM002,Tomato,74.29,30.06,58.7,0.0,6.46,27.96
2026-02-02 19:00:00,FARM003,Maize,76.14,30.97,53.9,0.0,6.84,29.04
2026-02-02 20:00:00,FARM004,Cotton,57.29,28.84,64.29,4.26,6.99,27.75
2026-02-02 21:00:00,FARM005,Wheat,84.03,23.54,68.74,0.0,6.49,22.81
2026-02-02 22:00:00,FARM001,Rice,81.9,22.51,73.44,0.0,6.09,21.96
2026-02-02 23:00:00,FARM002,Tomato,74.07,23.41,68.89,0.0,6.54,23.31
2026-02-03 00:00:00,FARM003,Maize,75.99,21.46,75.96,0.0,6.71,21.17
2026-02-03 01:00:00,FARM004,Cotton,57.14,17.52,79.26,0.0,6.99,17.82
2026-02-03 02:00:00,FARM005,Wheat,83.88,16.47,82.34,0.0,6.38,16.87
2026-02-03 03:00:00,FARM001,Rice,81.75,16.44,83.73,0.0,6.14,16.61
2026-02-03 04:00:00,FARM002,Tomato,73.92,18.78,75.42,0.0,6.51,19.02
2026-02-03 05:00:00,FARM003,Maize,75.84,16.43,83.19,0.0,6.79,16.23
2026-02-03 06:00:00,FARM004,Cotton,56.99,20.27,72.45,0.0,7.08,20.98
2026-02-03 07:00:00,FARM005,Wheat,83.73,21.45,73.98,0.0,6.39,21.32
2026-02-03 08:00:00,FARM001,Rice,81.6,22.07,72.56,0.0,6.27,20.31
2026-02-03 09:00:00,FARM002,Tomato,73.57,26.04,67.43,0.0,6.48,25.43
2026-02-03 10:00:00,FARM003,Maize,75.35,28.86,62.84,0.0,6.86,27.25
2026-02-03 11:00:00,FARM004,Cotton,56.46,29.64,58.4,0.0,7.05,28.38
2026-02-03 12:00:00,FARM005,Wheat,83.19,29.83,60.96,0.0,6.29,29.33
2026-02-03 13:00:00,FARM001,Rice,80.91,32.81,51.63,0.0,6.13,30.52
2026-02-03 14:00:00,FARM002,Tomato,72.89,32.55,53.24,0.0,6.54,31.5
2026-02-03 15:00:00,FARM003,Maize,74.58,34.42,48.02,0.0,6.87,32.23
2026-02-03 16:00:00,FARM004,Cotton,55.85,31.17,57.81,0.0,7.14,29.42
2026-02-03 17:00:00,FARM005,Wheat,82.63,30.16,60.75,0.0,6.45,28.72
2026-02-03 18:00:00,FARM001,Rice,80.47,27.87,61.14,0.0,6.14,27.12
2026-02-03 19:00:00,FARM002,Tomato,72.36,29.57,61.1,0.0,6.49,28.75
2026-02-03 20:00:00,FARM003,Maize,74.11,28.35,62.05,0.0,6.83,26.91
2026-02-03 21:00:00,FARM004,Cotton,55.57,24.58,68.38,0.0,7.25,23.25
2026-02-03 22:00:00,FARM005,Wheat,82.48,21.18,73.69,0.0,6.38,21.26
2026-02-03 23:00:00,FARM001,Rice,80.29,22.68,72.35,0.0,6.19,22.37
2026-02-04 00:00:00,FARM002,Tomato,72.21,19.84,75.07,0.0,6.53,19.95
2026-02-04 01:00:00,FARM003,Maize,73.96,18.54,76.33,0.0,6.83,17.81
2026-02-04 02:00:00,FARM004,Cotton,55.42,19.46,77.68,0.0,7.12,18.79
2026-02-04 03:00:00,FARM005,Wheat,82.33,17.76,82.26,0.0,6.52,18.82
2026-02-04 04:00:00,FARM001,Rice,80.14,16.9,82.07,0.0,6.03,18.62
2026-02-04 05:00:00,FARM002,Tomato,72.06,18.9,77.73,0.0,6.43,18.79
2026-02-04 06:00:00,FARM003,Maize,73.81,18.2,75.29,0.0,6.86,19.44
2026-02-04 07:00:00,FARM004,Cotton,55.27,17.9,79.72,0.0,7.06,18.23
2026-02-04 08:00:00,FARM005,Wheat,85.0,23.82,72.63,7.44,6.54,23.13
2026-02-04 09:00:00,FARM001,Rice,79.66,28.59,55.13,0.0,6.15,27.49
2026-02-04 10:00:00,FARM002,Tomato,71.69,26.34,67.74,0.0,6.5,25.71
2026-02-04 11:00:00,FARM003,Maize,73.3,29.18,59.32,0.0,6.75,27.47
2026-02-04 12:00:00,FARM004,Cotton,54.72,29.94,57.99,0.0,7.06,28.8
2026-02-04 13:00:00,FARM005,Wheat,84.23,34.46,48.61,0.0,6.37,33.21
2026-02-04 14:00:00,FARM001,Rice,79.03,31.56,55.75,0.0,6.28,29.7
2026-02-04 15:00:00,FARM002,Tomato,71.07,31.4,53.18,0.0,6.27,30.19
2026-02-04 16:00:00,FARM003,Maize,72.67,31.51,57.03,0.0,6.8,30.26
2026-02-04 17:00:00,FARM004,Cotton,54.0,33.32,53.89,0.0,7.07,32.42
2026-02-04 18:00:00,FARM005,Wheat,83.59,31.71,57.66,0.0,6.27,31.36
2026-02-04 19:00:00,FARM001,Rice,78.51,29.35,57.13,0.0,6.22,27.68
2026-02-04 20:00:00,FARM002,Tomato,70.56,29.26,59.99,0.0,6.57,28.1
2026-02-04 21:00:00,FARM003,Maize,72.35,25.38,64.33,0.0,6.75,24.98
2026-02-04 22:00:00,FARM004,Cotton,53.79,23.21,68.39,0.0,7.05,22.88
2026-02-04 23:00:00,FARM005,Wheat,83.44,20.76,73.74,0.0,6.41,21.46
2026-02-05 00:00:00,FARM001,Rice,78.36,18.8,77.58,0.0,6.17,17.98
2026-02-05 01:00:00,FARM002,Tomato,70.41,17.46,83.19,0.0,6.48,18.58
2026-02-05 02:00:00,FARM003,Maize,72.2,18.56,78.23,0.0,6.81,18.82
2026-02-05 03:00:00,FARM004,Cotton,53.64,17.25,80.72,0.0,7.12,17.87
2026-02-05 04:00:00,FARM005,Wheat,83.29,19.12,78.88,0.0,6.46,18.74
2026-02-05 05:00:00,FARM001,Rice,78.21,17.83,82.61,0.0,6.27,17.84
2026-02-05 06:00:00,FARM002,Tomato,70.26,19.25,79.46,0.0,6.49,19.48
2026-02-05 07:00:00,FARM003,Maize,72.05,19.99,79.14,0.0,6.68,19.44
2026-02-05 08:00:00,FARM004,Cotton,53.32,25.37,66.04,0.0,7.07,24.38
2026-02-05 09:00:00,FARM005,Wheat,83.09,23.09,69.22,0.0,6.39,22.58
2026-02-05 10:00:00,FARM001,Rice,77.73,28.51,64.05,0.0,6.28,27.34
2026-02-05 11:00:00,FARM002,Tomato,69.63,31.55,54.72,0.0,6.5,29.48
2026-02-05 12:00:00,FARM003,Maize,75.55,32.26,56.16,4.67,6.83,31.06
2026-02-05 13:00:00,FARM004,Cotton,52.61,33.27,54.79,0.0,7.13,31.28
2026-02-05 14:00:00,FARM005,Wheat,82.41,32.53,54.22,0.0,6.39,31.2
2026-02-05 15:00:00,FARM001,Rice,77.07,32.23,52.45,0.0,6.2,30.52
2026-02-05 16:00:00,FARM002,Tomato,69.11,29.43,60.08,0.0,6.46,28.68
2026-02-05 17:00:00,FARM003,Maize,74.95,30.95,52.57,0.0,6.81,29.35
2026-02-05 18:00:00,FARM004,Cotton,51.94,32.38,53.12,0.0,7.08,30.47
2026-02-05 19:00:00,FARM005,Wheat,81.84,30.48,55.94,0.0,6.36,28.55
2026-02-05 20:00:00,FARM001,Rice,76.63,27.76,62.01,0.0,6.22,26.51
2026-02-05 21:00:00,FARM002,Tomato,68.67,27.72,60.16,0.0,6.58,26.39
2026-02-05 22:00:00,FARM003,Maize,74.76,22.78,70.16,0.0,6.79,21.81
2026-02-05 23:00:00,FARM004,Cotton,51.79,21.59,69.72,0.0,7.31,21.48
2026-02-06 00:00:00,FARM005,Wheat,81.69,20.68,76.97,0.0,6.27,20.45
2026-02-06 01:00:00,FARM001,Rice,76.48,13.56,84.3,0.0,6.25,14.81
2026-02-06 02:00:00,FARM002,Tomato,68.52,16.26,82.95,0.0,6.45,16.04
2026-02-06 03:00:00,FARM003,Maize,74.61,17.74,78.91,0.0,6.78,16.65
2026-02-06 04:00:00,FARM004,Cotton,51.64,17.03,81.44,0.0,7.14,17.69
2026-02-06 05:00:00,FARM005,Wheat,81.54,20.86,78.43,0.0,6.58,20.49
2026-02-06 06:00:00,FARM001,Rice,76.33,17.58,80.34,0.0,6.29,17.78
2026-02-06 07:00:00,FARM002,Tomato,68.37,18.94,78.21,0.0,6.65,19.36
2026-02-06 08:00:00,FARM003,Maize,74.32,24.86,64.13,0.0,6.71,23.83
2026-02-06 09:00:00,FARM004,Cotton,51.23,27.15,63.84,0.0,7.21,25.9
2026-02-06 10:00:00,FARM005,Wheat,81.06,28.68,60.43,0.0,6.28,27.1
2026-02-06 11:00:00,FARM001,Rice,75.82,29.25,59.49,0.0,6.24,28.96
2026-02-06 12:00:00,FARM002,Tomato,67.71,32.24,52.3,0.0,6.61,30.5
2026-02-06 13:00:00,FARM003,Maize,73.68,31.79,54.02,0.0,6.84,29.58
2026-02-06 14:00:00,FARM004,Cotton,50.6,31.6,55.0,0.0,7.14,29.24
2026-02-06 15:00:00,FARM005,Wheat,80.34,33.44,53.69,0.0,6.33,30.43
2026-02-06 16:00:00,FARM001,Rice,75.25,30.37,53.29,0.0,6.19,28.2
2026-02-06 17:00:00,FARM002,Tomato,67.11,31.03,53.5,0.0,6.33,28.89
2026-02-06 18:00:00,FARM003,Maize,73.08,31.09,58.36,0.0,6.88,29.45
2026-02-06 19:00:00,FARM004,Cotton,50.16,27.83,62.2,0.0,7.05,26.76
2026-02-06 20:00:00,FARM005,Wheat,80.0,25.83,62.54,0.0,6.38,25.3
2026-02-06 21:00:00,FARM001,Rice,74.86,26.81,62.98,0.0,6.15,25.02
2026-02-06 22:00:00,FARM002,Tomato,66.96,21.81,70.79,0.0,6.56,21.2
2026-02-06 23:00:00,FARM003,Maize,72.93,19.04,75.45,0.0,6.73,18.39
2026-02-07 00:00:00,FARM004,Cotton,50.01,21.64,72.23,0.0,7.18,21.41
2026-02-07 01:00:00,FARM005,Wheat,85.0,16.38,87.81,10.67,6.39,17.49
2026-02-07 02:00:00,FARM001,Rice,74.71,19.1,79.49,0.0,6.15,18.7
2026-02-07 03:00:00,FARM002,Tomato,66.81,16.3,84.02,0.0,6.41,15.96
2026-02-07 04:00:00,FARM003,Maize,72.78,18.4,79.72,0.0,6.92,18.74
2026-02-07 05:00:00,FARM004,Cotton,49.86,17.77,81.9,0.0,7.12,17.22
2026-02-07 06:00:00,FARM005,Wheat,84.84,22.27,67.98,0.0,6.39,22.44
2026-02-07 07:00:00,FARM001,Rice,74.56,21.03,73.65,0.0,6.07,20.2
2026-02-07 08:00:00,FARM002,Tomato,66.58,23.54,70.93,0.0,6.55,23.37
2026-02-07 09:00:00,FARM003,Maize,72.51,24.38,68.67,0.0,6.9,23.87
2026-02-07 10:00:00,FARM004,Cotton,49.5,26.18,65.07,0.0,7.07,26.3
2026-02-07 11:00:00,FARM005,Wheat,84.35,28.81,57.96,0.0,6.41,27.09
2026-02-07 12:00:00,FARM001,Rice,73.9,32.15,54.29,0.0,6.28,30.65
2026-02-07 13:00:00,FARM002,Tomato,66.01,30.47,57.47,0.0,6.51,28.86
2026-02-07 14:00:00,FARM003,Maize,71.87,31.73,54.07,0.0,6.75,30.07
2026-02-07 15:00:00,FARM004,Cotton,48.76,33.86,52.08,0.0,7.17,31.71
2026-02-07 16:00:00,FARM005,Wheat,83.64,33.21,49.43,0.0,6.5,30.96
2026-02-07 17:00:00,FARM001,Rice,81.81,32.41,60.46,10.54,6.24,30.47
2026-02-07 18:00:00,FARM002,Tomato,65.33,32.65,52.98,0.0,6.57,31.41
2026-02-07 19:00:00,FARM003,Maize,71.38,28.83,59.36,0.0,6.95,27.31
2026-02-07 20:00:00,FARM004,Cotton,48.36,26.91,63.96,0.0,7.15,25.56
2026-02-07 21:00:00,FARM005,Wheat,85.0,25.39,80.48,29.77,6.22,23.61
2026-02-07 22:00:00,FARM001,Rice,81.51,24.98,65.05,0.0,6.27,23.69
2026-02-07 23:00:00,FARM002,Tomato,65.18,19.86,76.46,0.0,6.46,19.69
2026-02-08 00:00:00,FARM003,Maize,78.8,16.67,85.83,9.89,6.86,16.05
2026-02-08 01:00:00,FARM004,Cotton,48.21,19.83,76.93,0.0,6.97,19.72
2026-02-08 02:00:00,FARM005,Wheat,84.85,16.95,79.73,0.0,6.41,18.0
2026-02-08 03:00:00,FARM001,Rice,81.36,17.72,79.12,0.0,6.16,18.81
2026-02-08 04:00:00,FARM002,Tomato,65.03,17.46,83.11,0.0,6.52,17.53
2026-02-08 05:00:00,FARM003,Maize,78.65,16.34,84.08,0.0,6.91,16.22
2026-02-08 06:00:00,FARM004,Cotton,48.06,21.68,71.82,0.0,7.01,21.69
2026-02-08 07:00:00,FARM005,Wheat,84.69,22.28,69.6,0.0,6.44,22.15
2026-02-08 08:00:00,FARM001,Rice,81.02,25.73,67.38,0.0,6.24,25.49
2026-02-08 09:00:00,FARM002,Tomato,64.76,24.31,68.64,0.0,6.49,24.04
2026-02-08 10:00:00,FARM003,Maize,78.24,27.19,61.37,0.0,6.84,25.88
2026-02-08 11:00:00,FARM004,Cotton,47.56,28.95,58.97,0.0,7.07,26.81
2026-02-08 12:00:00,FARM005,Wheat,84.11,30.66,57.6,0.0,6.32,29.87
2026-02-08 13:00:00,FARM001,Rice,80.42,31.04,59.06,0.0,6.24,29.15
2026-02-08 14:00:00,FARM002,Tomato,64.11,31.97,52.54,0.0,6.39,29.24
2026-02-08 15:00:00,FARM003,Maize,77.66,30.62,57.88,0.0,6.78,29.23
2026-02-08 16:00:00,FARM004,Cotton,46.85,33.17,53.61,0.0,7.09,30.82
2026-02-08 17:00:00,FARM005,Wheat,83.55,30.15,56.58,0.0,6.38,29.16
2026-02-08 18:00:00,FARM001,Rice,79.74,32.69,53.85,0.0,6.13,30.61
2026-02-08 19:00:00,FARM002,Tomato,63.65,28.27,65.06,0.0,6.53,27.57
2026-02-08 20:00:00,FARM003,Maize,77.18,28.62,60.38,0.0,6.76,28.06
2026-02-08 21:00:00,FARM004,Cotton,46.54,25.25,68.73,0.0,7.2,24.94
2026-02-08 22:00:00,FARM005,Wheat,83.4,21.29,74.11,0.0,6.38,21.49
2026-02-08 23:00:00,FARM001,Rice,79.59,20.67,71.35,0.0,6.05,20.95
2026-02-09 00:00:00,FARM002,Tomato,63.5,20.95,75.03,0.0,6.55,20.42
2026-02-09 01:00:00,FARM003,Maize,77.03,17.92,80.21,0.0,6.86,18.2
2026-02-09 02:00:00,FARM004,Cotton,46.39,15.83,83.35,0.0,7.08,16.89
2026-02-09 03:00:00,FARM005,Wheat,83.25,15.49,85.52,0.0,6.3,16.35
2026-02-09 04:00:00,FARM001,Rice,79.44,19.72,78.09,0.0,6.15,18.96
2026-02-09 05:00:00,FARM002,Tomato,63.35,19.35,77.18,0.0,6.57,18.83
2026-02-09 06:00:00,FARM003,Maize,76.88,18.75,77.06,0.0,6.78,19.1
2026-02-09 07:00:00,FARM004,Cotton,46.23,22.21,71.51,0.0,7.05,21.59
2026-02-09 08:00:00,FARM005,Wheat,83.05,22.97,69.52,0.0,6.47,22.58
2026-02-09 09:00:00,FARM001,Rice,79.12,25.31,68.9,0.0,6.2,24.02
2026-02-09 10:00:00,FARM002,Tomato,62.81,29.73,57.57,0.0,6.41,28.04
2026-02-09 11:00:00,FARM003,Maize,76.43,28.08,61.74,0.0,6.8,26.97
2026-02-09 12:00:00,FARM004,Cotton,45.55,32.67,54.04,0.0,7.2,30.72
2026-02-09 13:00:00,FARM005,Wheat,82.42,31.6,52.79,0.0,6.55,30.33
2026-02-09 14:00:00,FARM001,Rice,78.49,31.63,55.2,0.0,6.04,29.55
2026-02-09 15:00:00,FARM002,Tomato,62.0,35.16,46.37,0.0,6.68,32.63
2026-02-09 16:00:00,FARM003,Maize,75.76,32.37,52.83,0.0,6.94,30.52
2026-02-09 17:00:00,FARM004,Cotton,44.97,30.6,54.21,0.0,7.13,29.4
2026-02-09 18:00:00,FARM005,Wheat,81.79,31.62,51.99,0.0,6.36,29.22
2026-02-09 19:00:00,FARM001,Rice,77.96,29.58,55.86,0.0,6.2,28.56
2026-02-09 20:00:00,FARM002,Tomato,61.71,24.87,63.2,0.0,6.27,24.8
2026-02-09 21:00:00,FARM003,Maize,75.4,26.22,68.3,0.0,6.77,25.35
2026-02-09 22:00:00,FARM004,Cotton,44.79,22.58,68.12,0.0,7.08,23.51
2026-02-09 23:00:00,FARM005,Wheat,81.64,20.63,79.3,0.0,6.44,20.85
2026-02-10 00:00:00,FARM001,Rice,77.81,17.73,80.58,0.0,6.14,18.13
2026-02-10 01:00:00,FARM002,Tomato,61.56,20.29,74.83,0.0,6.41,20.1
2026-02-10 02:00:00,FARM003,Maize,75.25,17.57,78.66,0.0,6.8,18.13
2026-02-10 03:00:00,FARM004,Cotton,44.64,17.98,77.12,0.0,7.16,17.47
2026-02-10 04:00:00,FARM005,Wheat,81.49,18.67,80.12,0.0,6.42,19.24
2026-02-10 05:00:00,FARM001,Rice,77.66,17.72,81.9,0.0,6.29,17.77
2026-02-10 06:00:00,FARM002,Tomato,61.41,18.33,76.12,0.0,6.46,18.21
2026-02-10 07:00:00,FARM003,Maize,75.1,20.88,73.83,0.0,6.82,20.87
2026-02-10 08:00:00,FARM004,Cotton,44.41,23.58,69.81,0.0,7.06,22.79
2026-02-10 09:00:00,FARM005,Wheat,81.26,23.51,68.89,0.0,6.5,22.26
2026-02-10 10:00:00,FARM001,Rice,77.27,26.89,65.51,0.0,6.2,26.15
2026-02-10 11:00:00,FARM002,Tomato,60.96,28.09,60.51,0.0,6.56,27.17
2026-02-10 12:00:00,FARM003,Maize,74.51,30.85,57.92,0.0,6.81,28.63
2026-02-10 13:00:00,FARM004,Cotton,49.85,33.44,55.27,7.25,6.85,31.68
2026-02-10 14:00:00,FARM005,Wheat,80.56,33.04,52.35,0.0,6.53,30.84
2026-02-10 15:00:00,FARM001,Rice,76.54,33.61,52.08,0.0,6.28,31.09
2026-02-10 16:00:00,FARM002,Tomato,60.33,31.54,56.76,0.0,6.45,29.83
2026-02-10 17:00:00,FARM003,Maize,74.1,27.28,63.17,0.0,6.71,26.25
2026-02-10 18:00:00,FARM004,Cotton,49.33,29.35,60.34,0.0,7.07,28.0
2026-02-10 19:00:00,FARM005,Wheat,80.03,29.59,55.74,0.0,6.5,27.82
2026-02-10 20:00:00,FARM001,Rice,76.19,26.07,66.64,0.0,6.12,25.52
2026-02-10 21:00:00,FARM002,Tomato,60.01,25.39,63.93,0.0,6.48,25.09
2026-02-10 22:00:00,FARM003,Maize,73.83,24.47,70.68,0.0,6.8,24.2
2026-02-10 23:00:00,FARM004,Cotton,49.18,21.03,69.51,0.0,7.16,21.24
2026-02-11 00:00:00,FARM005,Wheat,79.88,19.31,79.66,0.0,6.4,20.01
2026-02-11 01:00:00,FARM001,Rice,76.04,17.56,85.9,0.0,6.18,18.51
2026-02-11 02:00:00,FARM002,Tomato,59.86,18.37,77.47,0.0,6.48,18.29
2026-02-11 03:00:00,FARM003,Maize,73.68,15.67,84.77,0.0,6.64,16.06
2026-02-11 04:00:00,FARM004,Cotton,49.03,14.2,86.24,0.0,7.13,15.44
2026-02-11 05:00:00,FARM005,Wheat,79.73,16.78,80.32,0.0,6.45,16.86
2026-02-11 06:00:00,FARM001,Rice,75.89,21.48,70.56,0.0,6.22,21.05
2026-02-11 07:00:00,FARM002,Tomato,59.71,20.47,77.79,0.0,6.43,20.61
2026-02-11 08:00:00,FARM003,Maize,73.44,23.87,68.98,0.0,6.69,23.15
2026-02-11 09:00:00,FARM004,Cotton,48.68,26.02,67.01,0.0,7.02,25.02
2026-02-11 10:00:00,FARM005,Wheat,81.21,28.37,63.09,1.97,6.45,26.52
2026-02-11 11:00:00,FARM001,Rice,75.53,26.13,63.3,0.0,6.08,25.26
2026-02-11 12:00:00,FARM002,Tomato,60.57,31.03,56.32,1.15,6.43,30.18
2026-02-11 13:00:00,FARM003,Maize,72.78,32.21,49.67,0.0,6.76,30.67
2026-02-11 14:00:00,FARM004,Cotton,48.04,31.88,59.29,0.0,7.08,30.34
2026-02-11 15:00:00,FARM005,Wheat,80.5,33.17,54.04,0.0,6.48,31.5
